brand,product_code,window,month,snapshot_timestamp,snapshot_url,page_title,price,currency,method
columbia,1594731,A_2018_2020,201801,20180126072433,https://web.archive.org/web/20180126072433/https://www.columbia.com/on/demandware.store/Sites-Columbia_US-Site/en_US/Product-Detail?bvrrp=4546/reviews/product/2/1594731.htm&dwvar_1594731_variationColor=255&pid=1594731,,79.99,,itemprop_price
columbia,1594731,A_2018_2020,201802,20180212020755,https://web.archive.org/web/20180212020755/https://www.columbia.com/mens-newton-ridge-plus-ii-waterproof-hiking-boot-1594731.html,Men’s Newton Ridge Plus II Waterproof Hiking Shoe | Columbia.com,79.99,USD,meta_product_price
columbia,1594731,A_2018_2020,201812,20181230182325,https://web.archive.org/web/20181230182325/https://www.columbia.com/mens-newton-ridge-plus-ii-waterproof-hiking-boot-1594731.html,Men’s Newton Ridge Plus II Waterproof Hiking Shoe | Columbia.com,80,USD,jsonld_offer_price
columbia,1594731,A_2018_2020,201902,20190211173031,https://web.archive.org/web/20190211173031/https://www.columbia.com/on/demandware.store/Sites-Columbia_US-Site/en_US/Product-Tile?pid=1594731&color=&name=1&swatches=0&rating=0&price=1&badges=0&quickview=1,,,,no_price_found
columbia,1594731,A_2018_2020,201908,20190825134828,https://web.archive.org/web/20190825134828/https://www.columbia.com/mens-newton-ridge-hiking-boot-1594731.html,Men’s Newton Ridge Plus II Waterproof Hiking Shoe | Columbia.com,80,USD,jsonld_offer_price
columbia,1594731,A_2018_2020,201909,20190918114540,https://web.archive.org/web/20190918114540/https://www.columbia.com/mens-newton-ridge-hiking-boot-1594731.html?cgid=footwear-men&dwvar_1594731_variationColor=033,Men’s Newton Ridge Plus II Waterproof Hiking Shoe | Columbia.com,80,USD,jsonld_offer_price
columbia,1594731,A_2018_2020,201910,20191022145657,https://web.archive.org/web/20191022145657/https://www.columbia.com/mens-newton-ridge-hiking-boot-1594731.html?cgid=activity-hiking-boots&dwvar_1594731_variationColor=033,Men’s Newton Ridge Plus II Waterproof Hiking Shoe | Columbia.com,79.95,USD,json_price_field
columbia,1594731,A_2018_2020,201911,20191122021525,https://web.archive.org/web/20191122021525/https://www.columbia.com/mens-newton-ridge-hiking-boot-1594731.html?cgid=new-arrivals&dwvar_1594731_variationColor=033,Men’s Newton Ridge Plus II Waterproof Hiking Shoe | Columbia.com,80,USD,jsonld_offer_price
columbia,1594731,A_2018_2020,201912,20191214000625,https://web.archive.org/web/20191214000625/https://www.columbia.com/mens-newton-ridge-hiking-boot-1594731.html,Men’s Newton Ridge Plus II Waterproof Hiking Shoe | Columbia.com,80,USD,jsonld_offer_price
columbia,1594731,A_2018_2020,202001,20200103083419,https://web.archive.org/web/20200103083419/https://www.columbia.com/mens-newton-ridge-hiking-boot-1594731.html,Men’s Newton Ridge Plus II Waterproof Hiking Shoe | Columbia.com,90,USD,jsonld_offer_price
columbia,1594731,B_2024_2026,202406,20240605184914,https://web.archive.org/web/20240605184914/https://www.columbia.com/p/mens-newton-ridge-hiking-boot-1594731.html?mid=affiliate&eid=cj&uid=11554828&nid=8314883&cjevent=0a873d47236811ef816d01070a18ba73,Men’s Newton Ridge™ Plus II Waterproof Hiking Boot | Columbia Sportswear,100.00,USD,jsonld_offer_price
columbia,1594731,B_2024_2026,202407,20240714035747,https://web.archive.org/web/20240714035747/https://www.columbia.com/p/mens-newton-ridge-hiking-boot-1594731.html,Men’s Newton Ridge™ Plus II Waterproof Hiking Boot,100.00,USD,jsonld_offer_price
columbia,1594731,B_2024_2026,202408,20240803185410,https://web.archive.org/web/20240803185410/https://www.columbia.com/p/mens-newton-ridge-hiking-boot-1594731.html,Men’s Newton Ridge™ Plus II Waterproof Hiking Boot,100.00,USD,jsonld_offer_price
columbia,1594731,B_2024_2026,202409,20240907103640,https://web.archive.org/web/20240907103640/https://www.columbia.com/p/mens-newton-ridge-hiking-boot-1594731.html,Men’s Newton Ridge™ Plus II Waterproof Hiking Boot,60.00,USD,jsonld_offer_price
columbia,1594731,B_2024_2026,202410,20241003175039,https://web.archive.org/web/20241003175039/https://www.columbia.com/p/mens-newton-ridge-hiking-boot-1594731.html,Men’s Newton Ridge™ Plus II Waterproof Hiking Boot | Columbia Sportswear,100.00,USD,jsonld_offer_price
columbia,1594731,B_2024_2026,202411,20241102011343,https://web.archive.org/web/20241102011343/https://www.columbia.com/p/mens-newton-ridge-hiking-boot-1594731.html,Men’s Newton Ridge™ Plus II Waterproof Hiking Boot | Columbia Sportswear,100.00,USD,jsonld_offer_price
columbia,1594731,B_2024_2026,202412,20241214122100,https://web.archive.org/web/20241214122100/https://www.columbia.com/p/mens-newton-ridge-hiking-boot-1594731.html,Men’s Newton Ridge™ Plus II Waterproof Hiking Boot | Columbia Sportswear,75.00,USD,jsonld_offer_price
columbia,1594731,B_2024_2026,202501,20250115072628,https://web.archive.org/web/20250115072628/https://www.columbia.com/p/mens-newton-ridge-hiking-boot-1594731.html,,,,no_price_found
columbia,1594731,B_2024_2026,202502,20250228203838,https://web.archive.org/web/20250228203838/https://www.columbia.com/p/mens-newton-ridge-hiking-boot-1594731.html,Men’s Newton Ridge™ Plus II Waterproof Hiking Boot | Columbia Sportswear,100.00,USD,jsonld_offer_price
columbia,1594731,B_2024_2026,202503,20250321141137,https://web.archive.org/web/20250321141137/https://www.columbia.com/p/mens-newton-ridge-hiking-boot-1594731.html?dwvar_1594731_color=232,Men’s Newton Ridge™ Plus II Waterproof Hiking Boot | Columbia Sportswear,100.00,USD,jsonld_offer_price
columbia,1594731,B_2024_2026,202504,20250408165613,https://web.archive.org/web/20250408165613/https://www.columbia.com/p/mens-newton-ridge-hiking-boot-1594731.html?mid=affiliate&eid=cj&uid=11554828&nid=8984091&cjevent=3084d7f8149911f0838100010a18b8f7,Men’s Newton Ridge™ Plus II Waterproof Hiking Boot | Columbia Sportswear,100.00,USD,jsonld_offer_price
columbia,1594731,B_2024_2026,202505,20250515000315,https://web.archive.org/web/20250515000315/https://www.columbia.com/p/mens-newton-ridge-hiking-boot-1594731.html,,,,no_price_found
columbia,1594731,B_2024_2026,202506,20250618135144,https://web.archive.org/web/20250618135144/https://www.columbia.com/p/mens-newton-ridge-hiking-boot-1594731.html,,,,no_price_found
columbia,1594731,B_2024_2026,202507,20250709215753,https://web.archive.org/web/20250709215753/https://www.columbia.com/p/mens-newton-ridge-hiking-boot-1594731.html,Men’s Newton Ridge Plus II Waterproof Hiking Shoe | Columbia,100.00,USD,jsonld_offer_price
columbia,1594731,B_2024_2026,202508,20250803024936,https://web.archive.org/web/20250803024936/https://www.columbia.com/p/mens-newton-ridge-hiking-boot-1594731.html,Men’s Newton Ridge Plus II Waterproof Hiking Shoe | Columbia,100.00,USD,jsonld_offer_price
columbia,1594731,B_2024_2026,202509,20250912215845,https://web.archive.org/web/20250912215845/https://www.columbia.com/p/mens-newton-ridge-hiking-boot-1594731.html?color=015&size=10,Men’s Newton Ridge Plus II Waterproof Hiking Shoe | Columbia,100.00,USD,jsonld_offer_price
columbia,1594731,B_2024_2026,202510,20251027025530,https://web.archive.org/web/20251027025530/https://www.columbia.com/p/mens-newton-ridge-hiking-boot-1594731.html,,,,no_price_found
columbia,1594731,B_2024_2026,202511,20251115020738,https://web.archive.org/web/20251115020738/https://www.columbia.com/p/mens-newton-ridge-hiking-boot-1594731.html,,,,no_price_found
columbia,1594731,B_2024_2026,202512,20251216064038,https://web.archive.org/web/20251216064038/https://www.columbia.com/p/mens-newton-ridge-hiking-boot-1594731.html?color=006&size=10.5,,,,no_price_found
columbia,1594731,B_2024_2026,202601,20260113035602,https://web.archive.org/web/20260113035602/https://www.columbia.com/p/mens-newton-ridge-hiking-boot-1594731.html?color=232&size=14,Men’s Newton Ridge Plus II Waterproof Hiking Shoe | Columbia,100.00,USD,jsonld_offer_price
columbia,1594731,B_2024_2026,202602,20260219005915,https://web.archive.org/web/20260219005915/https://www.columbia.com/p/mens-newton-ridge%C2%AE-plus-ii-waterproof-hiking-boot-1594731.html,Men’s Newton Ridge Plus II Waterproof Hiking Shoe | Columbia,100.00,USD,jsonld_offer_price
columbia,1594731,B_2024_2026,202603,20260314122207,https://web.archive.org/web/20260314122207/https://www.columbia.com/p/mens-newton-ridge-hiking-boot-1594731.html?color=006&size=7,Men’s Newton Ridge Plus II Waterproof Hiking Shoe | Columbia,100.00,USD,jsonld_offer_price
columbia,1594731,B_2024_2026,202604,20260407045316,https://web.archive.org/web/20260407045316/https://www.columbia.com/p/mens-newton-ridge-hiking-boot-1594731.html,,,,no_price_found
columbia,1594731,B_2024_2026,202605,20260511185036,https://web.archive.org/web/20260511185036/https://www.columbia.com/p/mens-newton-ridge-hiking-boot-1594731.html,,,,no_price_found
columbia,1594731,B_2024_2026,202606,20260615051142,https://web.archive.org/web/20260615051142/https://www.columbia.com/p/mens-newton-ridge-hiking-boot-1594731.html?color=014&size=9,Men’s Newton Ridge Plus II Waterproof Hiking Shoe | Columbia,100.00,USD,jsonld_offer_price
columbia,1594731,B_2024_2026,202607,20260727065953,https://web.archive.org/web/20260727065953/https://www.columbia.com/p/mens-newton-ridge-hiking-boot-1594731.html,,,,no_price_found
columbia,1594731,B_2024_2026,202608,20260807211756,https://web.archive.org/web/20260807211756/https://www.columbia.com/p/mens-newton-ridge-hiking-boot-1594731.html,,,,no_price_found
columbia,1675321,A_2018_2020,201801,20180127010131,https://web.archive.org/web/20180127010131/https://www.columbia.com/boys-tamiami-short-sleeve-shirt-1675321.html?dwvar_1675321_variationColor=100,Columbia | Boy’s PFG Tamiami Short Sleeve Vented Sun Shading Wicking Fishing Shirt,30.00,USD,meta_product_price
columbia,1675321,A_2018_2020,201802,20180218210140,https://web.archive.org/web/20180218210140/https://www.columbia.com/boys-tamiami-short-sleeve-shirt-1675321.html,Columbia | Boy’s PFG Tamiami Short Sleeve Vented Sun Shading Wicking Fishing Shirt,30.00,USD,meta_product_price
columbia,1675321,A_2018_2020,201803,20180305014807,https://web.archive.org/web/20180305014807/https://www.columbia.com/boys-tamiami-short-sleeve-shirt-1675321.html?cgid=kids-boys-shirts&dwvar_1675321_variationColor=100,Columbia | Boy’s PFG Tamiami Short Sleeve Vented Sun Shading Wicking Fishing Shirt,30.00,USD,meta_product_price
columbia,1675321,A_2018_2020,201907,20190721090422,https://web.archive.org/web/20190721090422/https://www.columbia.com/boys-pfg-tamiami-short-sleeve-shirt-1675321.html,Columbia | Boy’s PFG Tamiami Short Sleeve Vented Sun Shading Wicking Fishing Shirt,30,USD,jsonld_offer_price
columbia,1675321,A_2018_2020,201909,20190917204541,https://web.archive.org/web/20190917204541/https://www.columbia.com/boys-pfg-tamiami-short-sleeve-shirt-1675321.html?dwvar_1675321_variationColor=010,Columbia | Boy’s PFG Tamiami Short Sleeve Vented Sun Shading Wicking Fishing Shirt,30,USD,jsonld_offer_price
columbia,1675321,A_2018_2020,201910,20191023212231,https://web.archive.org/web/20191023212231/https://www.columbia.com/boys-pfg-tamiami-short-sleeve-shirt-1675321.html?dwvar_1675321_variationColor=464,Columbia | Boy’s PFG Tamiami Short Sleeve Vented Sun Shading Wicking Fishing Shirt,30.00,USD,json_price_field
columbia,1675321,A_2018_2020,201911,20191121112628,https://web.archive.org/web/20191121112628/https://www.columbia.com/boys-pfg-tamiami-short-sleeve-shirt-1675321.html?cgid=camping-kids&dwvar_1675321_variationColor=100,Boy’s PFG Tamiami Fishing Shirt | Columbia.com,30,USD,jsonld_offer_price
columbia,1675321,A_2018_2020,201912,20191205145803,https://web.archive.org/web/20191205145803/https://www.columbia.com/boys-pfg-tamiami-short-sleeve-shirt-1675321.html,Boy’s PFG Tamiami Fishing Shirt | Columbia.com,30,USD,jsonld_offer_price
columbia,1675321,B_2024_2026,202406,20240623010752,https://web.archive.org/web/20240623010752/https://www.columbia.com/p/boys-pfg-tamiami-short-sleeve-shirt-1675321.html,Boys’ PFG Tamiami™ Short Sleeve Shirt | Columbia Sportswear,32.00,USD,jsonld_offer_price
columbia,1675321,B_2024_2026,202407,20240714114448,https://web.archive.org/web/20240714114448/https://www.columbia.com/p/boys-pfg-tamiami-short-sleeve-shirt-1675321.html,Boys’ PFG Tamiami™ Short Sleeve Shirt,32.00,USD,jsonld_offer_price
columbia,1675321,B_2024_2026,202409,20240915104244,https://web.archive.org/web/20240915104244/https://www.columbia.com/p/boys-pfg-tamiami-short-sleeve-shirt-1675321.html,Boys’ PFG Tamiami™ Short Sleeve Shirt,32.00,USD,jsonld_offer_price
columbia,1675321,B_2024_2026,202410,20241011091255,https://web.archive.org/web/20241011091255/https://www.columbia.com/p/boys-pfg-tamiami-short-sleeve-shirt-1675321.html?dwvar_1675321_color=461,Boys’ PFG Tamiami™ Short Sleeve Shirt | Columbia Sportswear,32.00,USD,jsonld_offer_price
columbia,1675321,B_2024_2026,202411,20241107232414,https://web.archive.org/web/20241107232414/https://www.columbia.com/p/boys-pfg-tamiami-short-sleeve-shirt-1675321.html?dwvar_1675321_color=461&dwvar_1675321_size=L,Boys’ PFG Tamiami™ Short Sleeve Shirt | Columbia Sportswear,32.00,USD,jsonld_offer_price
columbia,1675321,B_2024_2026,202412,20241205140710,https://web.archive.org/web/20241205140710/https://www.columbia.com/p/boys-pfg-tamiami-short-sleeve-shirt-1675321.html,Boys’ PFG Tamiami™ Short Sleeve Shirt | Columbia Sportswear,32.00,USD,jsonld_offer_price
columbia,1675321,B_2024_2026,202501,20250118150615,https://web.archive.org/web/20250118150615/https://www.columbia.com/p/boys-pfg-tamiami-short-sleeve-shirt-1675321.html?dwvar_1675321_color=010,Boys’ PFG Tamiami™ Short Sleeve Shirt | Columbia Sportswear,32.00,USD,jsonld_offer_price
columbia,1675321,B_2024_2026,202502,20250216080446,https://web.archive.org/web/20250216080446/https://www.columbia.com/p/boys-pfg-tamiami-short-sleeve-shirt-1675321.html?dwvar_1675321_color=551,Boys’ PFG Tamiami™ Short Sleeve Shirt | Columbia Sportswear,32.00,USD,jsonld_offer_price
columbia,1675321,B_2024_2026,202503,20250320051211,https://web.archive.org/web/20250320051211/https://www.columbia.com/p/boys-pfg-tamiami-short-sleeve-shirt-1675321.html?dwvar_1675321_color=373,Boys’ PFG Tamiami™ Short Sleeve Shirt | Columbia Sportswear,32.00,USD,jsonld_offer_price
columbia,1675321,B_2024_2026,202504,20250418135050,https://web.archive.org/web/20250418135050/https://www.columbia.com/p/boys-pfg-tamiami-short-sleeve-shirt-1675321.html,Boys’ PFG Tamiami™ Short Sleeve Shirt | Columbia Sportswear,25.60,USD,jsonld_offer_price
columbia,1675321,B_2024_2026,202505,20250519175609,https://web.archive.org/web/20250519175609/https://www.columbia.com/p/boys-pfg-tamiami-short-sleeve-shirt-1675321.html,Boys' PFG Tamiami Fishing Shirt | Columbia,32.00,USD,jsonld_offer_price
columbia,1675321,B_2024_2026,202506,20250623033359,https://web.archive.org/web/20250623033359/https://www.columbia.com/p/boys-pfg-tamiami-short-sleeve-shirt-1675321.html,Boys' PFG Tamiami Fishing Shirt | Columbia,32.00,USD,jsonld_offer_price
columbia,1675321,B_2024_2026,202507,20250708134135,https://web.archive.org/web/20250708134135/https://www.columbia.com/p/boys-pfg-tamiami-short-sleeve-shirt-1675321.html?dwvar_1675321_color=373&dwvar_1675321_size=XL,Boys' PFG Tamiami Fishing Shirt | Columbia,32.00,USD,jsonld_offer_price
columbia,1675321,B_2024_2026,202512,20251213111242,https://web.archive.org/web/20251213111242/https://www.columbia.com/p/boys-pfg-tamiami-short-sleeve-shirt-1675321.html?color=010,Boys' PFG Tamiami Fishing Shirt | Columbia,16.00,USD,jsonld_offer_price
columbia,1675321,B_2024_2026,202601,20260117171026,https://web.archive.org/web/20260117171026/https://www.columbia.com/p/boys-pfg-tamiami-short-sleeve-shirt-1675321.html?color=010,Boys' PFG Tamiami Fishing Shirt | Columbia,35.00,USD,jsonld_offer_price
columbia,1675321,B_2024_2026,202602,20260211122401,https://web.archive.org/web/20260211122401/https://www.columbia.com/p/boys-pfg-tamiami-short-sleeve-shirt-1675321.html,Boys' PFG Tamiami Fishing Shirt | Columbia,35.00,USD,jsonld_offer_price
columbia,1675321,B_2024_2026,202603,20260305071830,https://web.archive.org/web/20260305071830/https://www.columbia.com/p/boys-pfg-tamiami-short-sleeve-shirt-1675321.html?color=019,Boys' PFG Tamiami Fishing Shirt | Columbia,35.00,USD,jsonld_offer_price
columbia,1675321,B_2024_2026,202604,20260413172548,https://web.archive.org/web/20260413172548/https://www.columbia.com/p/boys-pfg-tamiami-short-sleeve-shirt-1675321.html?color=499&size=M,Boys' PFG Tamiami Fishing Shirt | Columbia,35.00,USD,jsonld_offer_price
columbia,1675321,B_2024_2026,202605,20260511122742,https://web.archive.org/web/20260511122742/https://www.columbia.com/p/boys-pfg-tamiami-short-sleeve-shirt-1675321.html,,,,no_price_found
columbia,1675321,B_2024_2026,202606,20260606113230,https://web.archive.org/web/20260606113230/https://www.columbia.com/p/boys-pfg-tamiami-short-sleeve-shirt-1675321.html?color=010&size=L,Boys' PFG Tamiami Fishing Shirt | Columbia,35.00,USD,jsonld_offer_price
columbia,1675321,B_2024_2026,202607,20260711052537,https://web.archive.org/web/20260711052537/https://www.columbia.com/p/boys-pfg-tamiami-short-sleeve-shirt-1675321.html?color=487&size=L,,,,fetch_failed
columbia,1618281,A_2018_2020,201801,20180126225226,https://web.archive.org/web/20180126225226/https://www.columbia.com/girls-benton-springs-ii-printed-fleece-jacket-1618281.html,Girl’s Benton Springs II Printed Warm Fleece | Columbia.com,29.99,USD,meta_product_price
columbia,1618281,A_2018_2020,201802,20180211024442,https://web.archive.org/web/20180211024442/https://www.columbia.com/girls-benton-springs-ii-printed-fleece-jacket-1618281.html?cgid=fleece&dwvar_1618281_variationColor=010,Girl’s Benton Springs II Printed Warm Fleece | Columbia.com,29.99,USD,meta_product_price
columbia,1618281,A_2018_2020,201803,20180303081359,https://web.archive.org/web/20180303081359/https://www.columbia.com/girls-benton-springs-ii-printed-fleece-jacket-1618281.html?dwvar_1618281_variationColor=010,Girl’s Benton Springs II Printed Warm Fleece | Columbia.com,29.99,USD,meta_product_price
columbia,1618281,A_2018_2020,201907,20190717122115,https://web.archive.org/web/20190717122115/https://www.columbia.com/girls-benton-springs-ii-printed-fleece-jacket-1618281.html,Girl’s Benton Springs II Printed Warm Fleece | Columbia.com,30,USD,jsonld_offer_price
columbia,1618281,A_2018_2020,201909,20190918071821,https://web.archive.org/web/20190918071821/https://www.columbia.com/girls-benton-springs-ii-printed-fleece-jacket-1618281.html?dwvar_1618281_variationColor=391&cgid=back_to_school-girls,Girl’s Benton Springs II Printed Warm Fleece | Columbia.com,30,USD,jsonld_offer_price
columbia,1618281,A_2018_2020,201910,20191022135108,https://web.archive.org/web/20191022135108/https://www.columbia.com/girls-benton-springs-ii-printed-fleece-jacket-1618281.html?dwvar_1618281_variationColor=338&cgid=back_to_school-girls,Girl’s Benton Springs II Printed Warm Fleece | Columbia.com,29.99,USD,json_price_field
columbia,1618281,A_2018_2020,201911,20191112001849,https://web.archive.org/web/20191112001849/https://www.columbia.com/girls-benton-springs-ii-printed-fleece-jacket-1618281.html,Girl’s Benton Springs II Printed Warm Fleece | Columbia.com,30,USD,jsonld_offer_price
columbia,1618281,A_2018_2020,201912,20191213072845,https://web.archive.org/web/20191213072845/https://www.columbia.com/girls-benton-springs-ii-printed-fleece-jacket-1618281.html?dwvar_1618281_variationColor=338,Girl’s Benton Springs II Printed Warm Fleece | Columbia.com,30,USD,jsonld_offer_price
columbia,1618281,B_2024_2026,202406,20240613040639,https://web.archive.org/web/20240613040639/https://www.columbia.com/p/girls-benton-springs-ii-printed-fleece-jacket-1618281.html?quantity=1,Girls’ Benton Springs™ II Printed Fleece Jacket | Columbia Sportswear,34.99,USD,jsonld_offer_price
columbia,1618281,B_2024_2026,202407,20240713164934,https://web.archive.org/web/20240713164934/https://www.columbia.com/p/girls-benton-springs-ii-printed-fleece-jacket-1618281.html,Girls’ Benton Springs™ II Printed Fleece Jacket,34.99,USD,jsonld_offer_price
columbia,1618281,B_2024_2026,202408,20240809090050,https://web.archive.org/web/20240809090050/https://www.columbia.com/p/girls-benton-springs-ii-printed-fleece-jacket-1618281.html,Girls’ Benton Springs™ II Printed Fleece Jacket,35.00,USD,jsonld_offer_price
columbia,1618281,B_2024_2026,202409,20240929172425,https://web.archive.org/web/20240929172425/https://www.columbia.com/p/girls-benton-springs-ii-printed-fleece-jacket-1618281.html,Girls’ Benton Springs™ II Printed Fleece Jacket | Columbia Sportswear,35.00,USD,jsonld_offer_price
columbia,1618281,B_2024_2026,202411,20241106233531,https://web.archive.org/web/20241106233531/https://www.columbia.com/p/girls-benton-springs-ii-printed-fleece-jacket-1618281.html,Girls’ Benton Springs™ II Printed Fleece Jacket | Columbia Sportswear,35.00,USD,jsonld_offer_price
columbia,1618281,B_2024_2026,202412,20241205140149,https://web.archive.org/web/20241205140149/https://www.columbia.com/p/girls-benton-springs-ii-printed-fleece-jacket-1618281.html,Girls' Benton Springs™ II Printed Fleece Jacket | Columbia Sportswear,26.25,USD,jsonld_offer_price
columbia,1618281,B_2024_2026,202501,20250118151006,https://web.archive.org/web/20250118151006/https://www.columbia.com/p/girls-benton-springs-ii-printed-fleece-jacket-1618281.html,Girls' Benton Springs™ II Printed Fleece Jacket | Columbia Sportswear,21.00,USD,jsonld_offer_price
columbia,1618281,B_2024_2026,202502,20250217083117,https://web.archive.org/web/20250217083117/https://www.columbia.com/p/girls-benton-springs-ii-printed-fleece-jacket-1618281.html,Girls' Benton Springs™ II Printed Fleece Jacket | Columbia Sportswear,35.00,USD,jsonld_offer_price
columbia,1618281,B_2024_2026,202503,20250328120603,https://web.archive.org/web/20250328120603/https://www.columbia.com/p/girls-benton-springs-ii-printed-fleece-jacket-1618281.html?dwvar_1618281_color=326&dwvar_1618281_size=L,Girls' Benton Springs™ II Printed Fleece Jacket | Columbia Sportswear,26.25,USD,jsonld_offer_price
columbia,1618281,B_2024_2026,202504,20250417173051,https://web.archive.org/web/20250417173051/https://www.columbia.com/p/girls-benton-springs-ii-printed-fleece-jacket-1618281.html,Girls' Benton Springs™ II Printed Fleece Jacket | Columbia Sportswear,28.00,USD,jsonld_offer_price
columbia,1618281,B_2024_2026,202505,20250513220907,https://web.archive.org/web/20250513220907/https://www.columbia.com/p/girls-benton-springs-ii-printed-fleece-jacket-1618281.html,Girls' Benton Springs II Printed Fleece Jacket | Columbia,35.00,USD,jsonld_offer_price
columbia,1618281,B_2024_2026,202506,20250616150514,https://web.archive.org/web/20250616150514/https://www.columbia.com/p/girls-benton-springs-ii-printed-fleece-jacket-1618281.html,Girls' Benton Springs II Printed Fleece Jacket | Columbia,35.00,USD,jsonld_offer_price
columbia,1618281,B_2024_2026,202507,20250716020043,https://web.archive.org/web/20250716020043/https://www.columbia.com/p/girls-benton-springs-ii-printed-fleece-jacket-1618281.html?dwvar_1618281_color=582,Girls' Benton Springs II Printed Fleece Jacket | Columbia,35.00,USD,jsonld_offer_price
columbia,1618281,B_2024_2026,202508,20250809113706,https://web.archive.org/web/20250809113706/https://www.columbia.com/p/girls-benton-springs-ii-printed-fleece-jacket-1618281.html,Girls' Benton Springs II Printed Fleece Jacket | Columbia,45.00,USD,jsonld_offer_price
columbia,1618281,B_2024_2026,202509,20250915070848,https://web.archive.org/web/20250915070848/https://www.columbia.com/p/girls-benton-springs-ii-printed-fleece-jacket-1618281.html?color=429,Girls' Benton Springs II Printed Fleece Jacket | Columbia,31.50,USD,jsonld_offer_price
columbia,1618281,B_2024_2026,202510,20251030133823,https://web.archive.org/web/20251030133823/https://www.columbia.com/p/girls-benton-springs-ii-printed-fleece-jacket-1618281.html?color=429&size=S,,,,no_price_found
columbia,1618281,B_2024_2026,202511,20251103213709,https://web.archive.org/web/20251103213709/https://www.columbia.com/p/girls-benton-springs-ii-printed-fleece-jacket-1618281.html,Girls' Benton Springs II Printed Fleece Jacket | Columbia,31.50,USD,jsonld_offer_price
columbia,1618281,B_2024_2026,202512,20251214194849,https://web.archive.org/web/20251214194849/https://www.columbia.com/p/girls-benton-springs-ii-printed-fleece-jacket-1618281.html?color=604,Girls' Benton Springs II Printed Fleece Jacket | Columbia,26.25,USD,jsonld_offer_price
columbia,1618281,B_2024_2026,202601,20260118022222,https://web.archive.org/web/20260118022222/https://www.columbia.com/p/girls-benton-springs-ii-printed-fleece-jacket-1618281.html?color=326,Girls' Benton Springs II Printed Fleece Jacket | Columbia,26.25,USD,jsonld_offer_price
columbia,1618281,B_2024_2026,202602,20260211121936,https://web.archive.org/web/20260211121936/https://www.columbia.com/p/girls-benton-springs-ii-printed-fleece-jacket-1618281.html,Girls' Benton Springs II Printed Fleece Jacket | Columbia,26.25,USD,jsonld_offer_price
columbia,1618281,B_2024_2026,202603,20260312232040,https://web.archive.org/web/20260312232040/https://www.columbia.com/p/girls-benton-springs-ii-printed-fleece-jacket-1618281.html?color=103&size=XXS,Girls' Benton Springs II Printed Fleece Jacket | Columbia,26.25,USD,jsonld_offer_price
columbia,1618281,B_2024_2026,202604,20260413120758,https://web.archive.org/web/20260413120758/https://www.columbia.com/p/girls-benton-springs-ii-printed-fleece-jacket-1618281.html?color=814&size=S,Girls' Benton Springs II Printed Fleece Jacket | Columbia,26.25,USD,jsonld_offer_price
columbia,1618281,B_2024_2026,202605,20260517002147,https://web.archive.org/web/20260517002147/https://www.columbia.com/p/girls-benton-springs-ii-printed-fleece-jacket-1618281.html?color=326&size=M,Girls' Benton Springs II Printed Fleece Jacket | Columbia,26.25,USD,jsonld_offer_price
columbia,1618281,B_2024_2026,202606,20260615044755,https://web.archive.org/web/20260615044755/https://www.columbia.com/p/girls-benton-springs-ii-printed-fleece-jacket-1618281.html?color=103&size=XS,Girls' Benton Springs II Printed Fleece Jacket | Columbia,26.25,USD,jsonld_offer_price
columbia,1618281,B_2024_2026,202608,20260816023120,https://web.archive.org/web/20260816023120/https://www.columbia.com/p/girls-benton-springs-ii-printed-fleece-jacket-1618281.html,,,,no_price_found
columbia,1556531,A_2018_2020,201801,20180121023608,https://web.archive.org/web/20180121023608/https://www.columbia.com/mens-ascender-softshell-jacket-1556531.html?cgid=giftGuide-giftsUnder%24100&dwvar_1556531_variationColor=014,Men’s Ascender Water Resistant Softshell Jacket | Columbia.com,69.99,USD,meta_product_price
columbia,1556531,A_2018_2020,201802,20180212054415,https://web.archive.org/web/20180212054415/https://www.columbia.com/mens-ascender-softshell-jacket-1556531.html,Men’s Ascender Water Resistant Softshell Jacket | Columbia.com,69.99,USD,meta_product_price
columbia,1556531,A_2018_2020,201803,20180306181607,https://web.archive.org/web/20180306181607/https://www.columbia.com/mens-ascender-softshell-jacket-1556531.html?cgid=giftGuide-giftsUnder%24100&dwvar_1556531_variationColor=003,Men’s Ascender Water Resistant Softshell Jacket | Columbia.com,69.99,USD,meta_product_price
columbia,1556531,A_2018_2020,201907,20190717192341,https://web.archive.org/web/20190717192341/https://www.columbia.com/mens-ascender-softshell-jacket-1556531.html,Men’s Ascender Water Resistant Softshell Jacket | Columbia.com,115,USD,jsonld_offer_price
columbia,1556531,A_2018_2020,201909,20190923093340,https://web.archive.org/web/20190923093340/https://www.columbia.com/mens-ascender-softshell-jacket-1556531.html?cgid=winterLayers-outerlayer&dwvar_1556531_variationColor=003,Men’s Ascender Water Resistant Softshell Jacket | Columbia.com,70,USD,jsonld_offer_price
columbia,1556531,A_2018_2020,201911,20191120203911,https://web.archive.org/web/20191120203911/https://www.columbia.com/mens-ascender-softshell-jacket-1556531.html,Men’s Ascender Water Resistant Softshell Jacket | Columbia.com,70,USD,jsonld_offer_price
columbia,1556531,A_2018_2020,201912,20191223041038,https://web.archive.org/web/20191223041038/https://www.columbia.com/mens-ascender-softshell-jacket-1556531.html,Men’s Ascender Water Resistant Softshell Jacket | Columbia.com,70,USD,jsonld_offer_price
columbia,1556531,A_2018_2020,202001,20200103003917,https://web.archive.org/web/20200103003917/https://www.columbia.com/mens-ascender-softshell-jacket-1556531.html,Men’s Ascender Water Resistant Softshell Jacket | Columbia.com,115,USD,jsonld_offer_price
columbia,1556531,B_2024_2026,202406,20240613063245,https://web.archive.org/web/20240613063245/https://www.columbia.com/p/mens-ascender-softshell-jacket-1556531.html?dwvar_1556531_color=397,Men’s Ascender™ Softshell Jacket | Columbia Sportswear,59.99,USD,jsonld_offer_price
columbia,1556531,B_2024_2026,202408,20240804050148,https://web.archive.org/web/20240804050148/https://www.columbia.com/p/mens-ascender-softshell-jacket-1556531.html,Men’s Ascender™ Softshell Jacket,90.00,USD,jsonld_offer_price
columbia,1556531,B_2024_2026,202409,20240915094322,https://web.archive.org/web/20240915094322/https://www.columbia.com/p/mens-ascender-softshell-jacket-1556531.html,Men's Ascender™ Softshell Jacket | Columbia Sportswear,90.00,USD,jsonld_offer_price
columbia,1556531,B_2024_2026,202410,20241004165843,https://web.archive.org/web/20241004165843/https://www.columbia.com/p/mens-ascender-softshell-jacket-1556531.html?dwvar_1556531_color=007,Men's Ascender™ Softshell Jacket | Columbia Sportswear,90.00,USD,jsonld_offer_price
columbia,1556531,B_2024_2026,202411,20241106234952,https://web.archive.org/web/20241106234952/https://www.columbia.com/p/mens-ascender-softshell-jacket-1556531.html,Men's Ascender™ Softshell Jacket | Columbia Sportswear,90.00,USD,jsonld_offer_price
columbia,1556531,B_2024_2026,202412,20241207111333,https://web.archive.org/web/20241207111333/https://www.columbia.com/p/mens-ascender-softshell-jacket-1556531_S.html,Men's Ascender™ Softshell Jacket | Columbia Sportswear,40.00,USD,jsonld_offer_price
columbia,1556531,B_2024_2026,202501,20250129042843,https://web.archive.org/web/20250129042843/https://www.columbia.com/p/mens-ascender-softshell-jacket-1556531.html,,,,no_price_found
columbia,1556531,B_2024_2026,202502,20250217071550,https://web.archive.org/web/20250217071550/https://www.columbia.com/p/mens-ascender-softshell-jacket-1556531.html?dwvar_1556531_color=024,Men's Ascender™ Softshell Jacket | Columbia Sportswear,90.00,USD,jsonld_offer_price
columbia,1556531,B_2024_2026,202503,20250319114427,https://web.archive.org/web/20250319114427/https://www.columbia.com/p/mens-ascender-softshell-jacket-1556531.html?srsltid=AfmBOop-NSM7n_hOS_d6KCTlNS2pEnEuyNWVrK0eypIGWYZZBrHQvrfBP1E,Men's Ascender™ Softshell Jacket | Columbia Sportswear,90.00,USD,jsonld_offer_price
columbia,1556531,B_2024_2026,202504,20250417160508,https://web.archive.org/web/20250417160508/https://www.columbia.com/p/mens-ascender-softshell-jacket-1556531.html?srsltid=AfmBOorDJyO1nO_3wKvXQMRv91oMWKrb-77xGOm6QfLbPJKKcdQdP9kKprw,Men's Ascender™ Softshell Jacket | Columbia Sportswear,72.00,USD,jsonld_offer_price
columbia,1556531,B_2024_2026,202505,20250514084544,https://web.archive.org/web/20250514084544/https://www.columbia.com/p/mens-ascender-softshell-jacket-1556531.html?dwvar_1556531_color=398,Men's Ascender Water-Resistant Softshell Jacket | Columbia,90.00,USD,jsonld_offer_price
columbia,1556531,B_2024_2026,202506,20250615114228,https://web.archive.org/web/20250615114228/https://www.columbia.com/p/mens-ascender-softshell-jacket-1556531.html?dwvar_1556531_color=007&dwvar_1556531_size=L,Men's Ascender Water-Resistant Softshell Jacket | Columbia,67.50,USD,jsonld_offer_price
columbia,1556531,B_2024_2026,202508,20250819190326,https://web.archive.org/web/20250819190326/https://www.columbia.com/p/mens-ascender-softshell-jacket-1556531.html?dwvar_1556531_variationColor=010&cgid=men-jacketsVests,Men's Ascender™ Softshell Jacket | Columbia Sportswear,125.00,,itemprop_price
columbia,1556531,B_2024_2026,202509,20250928175138,https://web.archive.org/web/20250928175138/https://www.columbia.com/p/mens-ascender-softshell-jacket-1556531.html?color=038,Men's Ascender Water-Resistant Softshell Jacket | Columbia,115.00,USD,jsonld_offer_price
columbia,1556531,B_2024_2026,202510,20251005182513,https://web.archive.org/web/20251005182513/https://www.columbia.com/p/mens-ascender-softshell-jacket-1556531.html,,,,no_price_found
columbia,1556531,B_2024_2026,202511,20251102225641,https://web.archive.org/web/20251102225641/https://www.columbia.com/p/mens-ascender-softshell-jacket-1556531.html,Men's Ascender Water-Resistant Softshell Jacket | Columbia,87.50,USD,jsonld_offer_price
columbia,1556531,B_2024_2026,202512,20251217124515,https://web.archive.org/web/20251217124515/https://www.columbia.com/p/mens-ascender-softshell-jacket-1556531.html?color=038,Men's Ascender Water-Resistant Softshell Jacket | Columbia,115.00,USD,jsonld_offer_price
columbia,1556531,B_2024_2026,202601,20260108195332,https://web.archive.org/web/20260108195332/https://www.columbia.com/p/mens-ascender-softshell-jacket-1556531.html?color=256&mid=affiliate&eid=cj&uid=11554828&nid=9260995&cjevent=8cd7f1e4eccb11f083f5003e0a18b8f6,Men's Ascender Water-Resistant Softshell Jacket | Columbia,115.00,USD,jsonld_offer_price
columbia,1556531,B_2024_2026,202602,20260210110759,https://web.archive.org/web/20260210110759/https://www.columbia.com/p/mens-ascender-softshell-jacket-1556531.html,,,,no_price_found
columbia,1556531,B_2024_2026,202603,20260318122652,https://web.archive.org/web/20260318122652/https://www.columbia.com/p/mens-ascender-softshell-jacket-1556531.html,,,,no_price_found
columbia,1556531,B_2024_2026,202604,20260421074933,https://web.archive.org/web/20260421074933/https://www.columbia.com/p/mens-ascender-softshell-jacket-1556531.html?color=398&size=XL,Men's Ascender Water-Resistant Softshell Jacket | Columbia,115.00,USD,jsonld_offer_price
columbia,1556531,B_2024_2026,202605,20260513094444,https://web.archive.org/web/20260513094444/https://www.columbia.com/p/mens-ascender-softshell-jacket-1556531.html,Men's Ascender Water-Resistant Softshell Jacket | Columbia,115.00,USD,jsonld_offer_price
columbia,1556531,B_2024_2026,202606,20260603032057,https://web.archive.org/web/20260603032057/https://www.columbia.com/p/mens-ascender-softshell-jacket-1556531.html,,,,no_price_found
columbia,1556531,B_2024_2026,202608,20260811043648,https://web.archive.org/web/20260811043648/https://www.columbia.com/p/mens-ascender-softshell-jacket-1556531.html,,,,no_price_found
columbia,1594732,A_2018_2020,201801,20180124181359,https://web.archive.org/web/20180124181359/https://www.columbia.com/mens-newton-ridge-plus-ii-waterproof-hiking-boot---wide-1594732.html?cgid=hikingShoes&dwvar_1594732_variationColor=011,Men’s Newton Ridge Plus II Waterproof Wide Hiking Shoe | Columbia.com,79.99,USD,meta_product_price
columbia,1594732,A_2018_2020,201802,20180212020801,https://web.archive.org/web/20180212020801/https://www.columbia.com/mens-newton-ridge-plus-ii-waterproof-hiking-boot---wide-1594732.html,Men’s Newton Ridge Plus II Waterproof Wide Hiking Shoe | Columbia.com,79.99,USD,meta_product_price
columbia,1594732,A_2018_2020,201907,20190717131819,https://web.archive.org/web/20190717131819/https://www.columbia.com/mens-newton-ridge-boot-wide-1594732.html,Men’s Newton Ridge Plus II Waterproof Wide Hiking Shoe | Columbia.com,90,USD,jsonld_offer_price
columbia,1594732,A_2018_2020,201908,20190824043257,https://web.archive.org/web/20190824043257/https://www.columbia.com/mens-newton-ridge-wide-1594732.html,Men’s Newton Ridge Plus II Waterproof Wide Hiking Shoe | Columbia.com,80,USD,jsonld_offer_price
columbia,1594732,A_2018_2020,201909,20190922022849,https://web.archive.org/web/20190922022849/https://www.columbia.com/mens-newton-ridge-wide-1594732.html?cgid=footwear-men&dwvar_1594732_variationColor=231,Men’s Newton Ridge Plus II Waterproof Wide Hiking Shoe | Columbia.com,80,USD,jsonld_offer_price
columbia,1594732,A_2018_2020,201910,20191016143604,https://web.archive.org/web/20191016143604/https://www.columbia.com/mens-newton-ridge-wide-1594732.html?cgid=footwear-men&dwvar_1594732_variationColor=373,Men’s Newton Ridge Plus II Waterproof Wide Hiking Shoe | Columbia.com,79.95,USD,json_price_field
columbia,1594732,A_2018_2020,201911,20191119230411,https://web.archive.org/web/20191119230411/https://www.columbia.com/mens-newton-ridge-wide-1594732.html?cgid=activity-hiking-boots&dwvar_1594732_variationColor=033,Men’s Newton Ridge Plus II Waterproof Wide Hiking Shoe | Columbia.com,80,USD,jsonld_offer_price
columbia,1594732,A_2018_2020,201912,20191213232457,https://web.archive.org/web/20191213232457/https://www.columbia.com/mens-newton-ridge-wide-1594732.html,Men’s Newton Ridge Plus II Waterproof Wide Hiking Shoe | Columbia.com,80,USD,jsonld_offer_price
columbia,1594732,B_2024_2026,202407,20240713153115,https://web.archive.org/web/20240713153115/https://www.columbia.com/p/mens-newton-ridge-wide-1594732.html,Men’s Newton Ridge™ Plus II Waterproof Hiking Boot - Wide,75.00,USD,jsonld_offer_price
columbia,1594732,B_2024_2026,202408,20240808041000,https://web.archive.org/web/20240808041000/https://www.columbia.com/p/mens-newton-ridge-wide-1594732.html,Men’s Newton Ridge™ Plus II Waterproof Hiking Boot - Wide,100.00,USD,jsonld_offer_price
columbia,1594732,B_2024_2026,202409,20240915094559,https://web.archive.org/web/20240915094559/https://www.columbia.com/p/mens-newton-ridge-wide-1594732.html,Men’s Newton Ridge™ Plus II Waterproof Hiking Boot - Wide,60.00,USD,jsonld_offer_price
columbia,1594732,B_2024_2026,202411,20241106234605,https://web.archive.org/web/20241106234605/https://www.columbia.com/p/mens-newton-ridge-wide-1594732.html,Men’s Newton Ridge™ Plus II Waterproof Hiking Boot - Wide | Columbia Sportswear,100.00,USD,jsonld_offer_price
columbia,1594732,B_2024_2026,202412,20241207050119,https://web.archive.org/web/20241207050119/https://www.columbia.com/p/mens-newton-ridge-wide-1594732.html,Men’s Newton Ridge™ Plus II Waterproof Hiking Boot - Wide | Columbia Sportswear,100.00,USD,jsonld_offer_price
columbia,1594732,B_2024_2026,202501,20250120113116,https://web.archive.org/web/20250120113116/https://www.columbia.com/p/mens-newton-ridge-wide-1594732.html,Men’s Newton Ridge™ Plus II Waterproof Hiking Boot - Wide | Columbia Sportswear,100.00,USD,jsonld_offer_price
columbia,1594732,B_2024_2026,202502,20250206123148,https://web.archive.org/web/20250206123148/https://www.columbia.com/p/mens-newton-ridge-wide-1594732.html,Men’s Newton Ridge™ Plus II Waterproof Hiking Boot - Wide | Columbia Sportswear,100.00,USD,jsonld_offer_price
columbia,1594732,B_2024_2026,202504,20250423211319,https://web.archive.org/web/20250423211319/https://www.columbia.com/p/mens-newton-ridge-wide-1594732.html,Men’s Newton Ridge™ Plus II Waterproof Hiking Boot - Wide | Columbia Sportswear,100.00,USD,jsonld_offer_price
columbia,1594732,B_2024_2026,202505,20250515003317,https://web.archive.org/web/20250515003317/https://www.columbia.com/p/mens-newton-ridge-wide-1594732.html?dwvar_1594732_color=315,Men’s Newton Ridge Plus II Waterproof Wide Hiking Shoe | Columbia,100.00,USD,jsonld_offer_price
columbia,1594732,B_2024_2026,202507,20250716014749,https://web.archive.org/web/20250716014749/https://www.columbia.com/p/mens-newton-ridge-wide-1594732.html?dwvar_1594732_color=014,Men’s Newton Ridge Plus II Waterproof Wide Hiking Shoe | Columbia,100.00,USD,jsonld_offer_price
columbia,1594732,B_2024_2026,202508,20250809121726,https://web.archive.org/web/20250809121726/https://www.columbia.com/p/mens-newton-ridge-wide-1594732.html?dwvar_1594732_color=015,Men’s Newton Ridge Plus II Waterproof Wide Hiking Shoe | Columbia,100.00,USD,jsonld_offer_price
columbia,1594732,B_2024_2026,202510,20251005182454,https://web.archive.org/web/20251005182454/https://www.columbia.com/p/mens-newton-ridge-wide-1594732.html,,,,no_price_found
columbia,1594732,B_2024_2026,202512,20251208181718,https://web.archive.org/web/20251208181718/https://www.columbia.com/p/mens-newton-ridge-wide-1594732.html,,,,no_price_found
columbia,1594732,B_2024_2026,202601,20260103095436,https://web.archive.org/web/20260103095436/https://www.columbia.com/p/mens-newton-ridge-wide-1594732.html?color=315&size=9.5,,,,no_price_found
columbia,1594732,B_2024_2026,202602,20260210172837,https://web.archive.org/web/20260210172837/https://www.columbia.com/p/mens-newton-ridge-wide-1594732.html,,,,no_price_found
columbia,1594732,B_2024_2026,202603,20260302003443,https://web.archive.org/web/20260302003443/https://www.columbia.com/p/mens-newton-ridge-wide-1594732.html?color=013&size=15,,,,no_price_found
columbia,1594732,B_2024_2026,202604,20260407045308,https://web.archive.org/web/20260407045308/https://www.columbia.com/p/mens-newton-ridge-wide-1594732.html,,,,no_price_found
columbia,1594732,B_2024_2026,202605,20260519131724,https://web.archive.org/web/20260519131724/https://www.columbia.com/p/mens-newton-ridge-wide-1594732.html?color=232&size=8,Men’s Newton Ridge Plus II Waterproof Wide Hiking Shoe | Columbia,50.00,USD,jsonld_offer_price
columbia,1594732,B_2024_2026,202606,20260603032130,https://web.archive.org/web/20260603032130/https://www.columbia.com/p/mens-newton-ridge-wide-1594732.html,,,,no_price_found
columbia,1577051,A_2018_2020,201801,20180126035949,https://web.archive.org/web/20180126035949/https://www.columbia.com/mens-pfg-slack-tide-camp-shirt-1577051.html?cgid=activity-fishing&dwvar_1577051_variationColor=707,Men’s Slack Tide Camp Wicking Sun Shading Shirt | Columbia.com,40.00,USD,meta_product_price
columbia,1577051,A_2018_2020,201803,20180304010826,https://web.archive.org/web/20180304010826/https://www.columbia.com/mens-pfg-slack-tide-camp-shirt-1577051.html,Men’s Slack Tide Camp Wicking Sun Shading Shirt | Columbia.com,40.00,USD,meta_product_price
columbia,1577051,A_2018_2020,201907,20190717182020,https://web.archive.org/web/20190717182020/https://www.columbia.com/mens-pfg-slack-tide-camp-shirt-1577051.html,Men’s Slack Tide Camp Wicking Sun Shading Shirt | Columbia.com,40,USD,jsonld_offer_price
columbia,1577051,A_2018_2020,201909,20190920182336,https://web.archive.org/web/20190920182336/https://www.columbia.com/mens-pfg-slack-tide-camp-shirt-1577051.html?cgid=camping-mens&dwvar_1577051_variationColor=469,Men’s Slack Tide Camp Wicking Sun Shading Shirt | Columbia.com,40,USD,jsonld_offer_price
columbia,1577051,A_2018_2020,201910,20191017150012,https://web.archive.org/web/20191017150012/https://www.columbia.com/mens-pfg-slack-tide-camp-shirt-1577051.html?cgid=giftGuide&dwvar_1577051_variationColor=463,Men’s Slack Tide Camp Wicking Sun Shading Shirt | Columbia.com,40.00,USD,json_price_field
columbia,1577051,A_2018_2020,201911,20191120185825,https://web.archive.org/web/20191120185825/https://www.columbia.com/mens-pfg-slack-tide-camp-shirt-1577051.html,Men’s Slack Tide Camp Wicking Sun Shading Shirt | Columbia.com,40,USD,jsonld_offer_price
columbia,1577051,A_2018_2020,201912,20191211190013,https://web.archive.org/web/20191211190013/https://www.columbia.com/mens-pfg-slack-tide-camp-shirt-1577051.html?cgid=men-shirts&dwvar_1577051_variationColor=469,Men’s Slack Tide Camp Wicking Sun Shading Shirt | Columbia.com,40,USD,jsonld_offer_price
columbia,1577051,A_2018_2020,202001,20200104155623,https://web.archive.org/web/20200104155623/https://www.columbia.com/mens-pfg-slack-tide-camp-shirt-1577051.html,Men’s Slack Tide Camp Wicking Sun Shading Shirt | Columbia.com,40,USD,jsonld_offer_price
columbia,1577051,B_2024_2026,202406,20240612172759,https://web.archive.org/web/20240612172759/https://www.columbia.com/p/mens-pfg-slack-tide-camp-shirt-1577051.html,Men’s PFG Slack Tide™ Camp Shirt | Columbia Sportswear,33.75,USD,jsonld_offer_price
columbia,1577051,B_2024_2026,202407,20240712142440,https://web.archive.org/web/20240712142440/https://www.columbia.com/p/mens-pfg-slack-tide-camp-shirt-1577051.html,Men’s PFG Slack Tide™ Camp Shirt,45.00,USD,jsonld_offer_price
columbia,1577051,B_2024_2026,202408,20240807065649,https://web.archive.org/web/20240807065649/https://www.columbia.com/p/mens-pfg-slack-tide-camp-shirt-1577051.html,Men’s PFG Slack Tide™ Camp Shirt,45.00,USD,jsonld_offer_price
columbia,1577051,B_2024_2026,202409,20240908190527,https://web.archive.org/web/20240908190527/https://www.columbia.com/p/mens-pfg-slack-tide-camp-shirt-1577051.html,Men’s PFG Slack Tide™ Camp Shirt,45.00,USD,jsonld_offer_price
columbia,1577051,B_2024_2026,202410,20241012053136,https://web.archive.org/web/20241012053136/https://www.columbia.com/p/mens-pfg-slack-tide-camp-shirt-1577051.html,Men’s PFG Slack Tide™ Camp Shirt | Columbia Sportswear,45.00,USD,jsonld_offer_price
columbia,1577051,B_2024_2026,202411,20241101220538,https://web.archive.org/web/20241101220538/https://www.columbia.com/p/mens-pfg-slack-tide-camp-shirt-1577051.html,Men’s PFG Slack Tide™ Camp Shirt | Columbia Sportswear,45.00,USD,jsonld_offer_price
columbia,1577051,B_2024_2026,202412,20241209002341,https://web.archive.org/web/20241209002341/https://www.columbia.com/p/mens-pfg-slack-tide-camp-shirt-1577051.html,Men’s PFG Slack Tide™ Camp Shirt | Columbia Sportswear,45.00,USD,jsonld_offer_price
columbia,1577051,B_2024_2026,202501,20250124213606,https://web.archive.org/web/20250124213606/https://www.columbia.com/p/mens-pfg-slack-tide-camp-shirt-1577051.html,Men’s PFG Slack Tide™ Camp Shirt | Columbia Sportswear,45.00,USD,jsonld_offer_price
columbia,1577051,B_2024_2026,202502,20250207075627,https://web.archive.org/web/20250207075627/https://www.columbia.com/p/mens-pfg-slack-tide-camp-shirt-1577051.html,Men’s PFG Slack Tide™ Camp Shirt | Columbia Sportswear,45.00,USD,jsonld_offer_price
columbia,1577051,B_2024_2026,202504,20250419205914,https://web.archive.org/web/20250419205914/https://www.columbia.com/p/mens-pfg-slack-tide-camp-shirt-1577051.html,Men’s PFG Slack Tide™ Camp Shirt | Columbia Sportswear,36.00,USD,jsonld_offer_price
columbia,1577051,B_2024_2026,202505,20250514084055,https://web.archive.org/web/20250514084055/https://www.columbia.com/p/mens-pfg-slack-tide-camp-shirt-1577051.html?dwvar_1577051_color=023,Men’s Slack Tide Camp Wicking Sun Shading Shirt | Columbia,45.00,USD,jsonld_offer_price
columbia,1577051,B_2024_2026,202506,20250623032647,https://web.archive.org/web/20250623032647/https://www.columbia.com/p/mens-pfg-slack-tide-camp-shirt-1577051.html?dwvar_1577051_color=010,Men’s Slack Tide Camp Wicking Sun Shading Shirt | Columbia,45.00,USD,jsonld_offer_price
columbia,1577051,B_2024_2026,202507,20250712091710,https://web.archive.org/web/20250712091710/https://www.columbia.com/p/mens-pfg-slack-tide-camp-shirt-1577051.html?dwvar_1577051_color=010&dwvar_1577051_size=XL,Men’s Slack Tide Camp Wicking Sun Shading Shirt | Columbia,45.00,USD,jsonld_offer_price
columbia,1577051,B_2024_2026,202508,20250804215355,https://web.archive.org/web/20250804215355/https://www.columbia.com/p/mens-pfg-slack-tide-camp-shirt-1577051.html,Men’s Slack Tide Camp Wicking Sun Shading Shirt | Columbia,45.00,USD,jsonld_offer_price
columbia,1577051,B_2024_2026,202509,20250906165049,https://web.archive.org/web/20250906165049/https://www.columbia.com/p/mens-pfg-slack-tide-camp-shirt-1577051.html,Men’s Slack Tide Camp Wicking Sun Shading Shirt | Columbia,45.00,USD,jsonld_offer_price
columbia,1577051,B_2024_2026,202510,20251010063813,https://web.archive.org/web/20251010063813/https://www.columbia.com/p/mens-pfg-slack-tide-camp-shirt-1577051.html?color=010&size=L,Men’s Slack Tide Camp Wicking Sun Shading Shirt | Columbia,45.00,USD,jsonld_offer_price
columbia,1577051,B_2024_2026,202511,20251113120259,https://web.archive.org/web/20251113120259/https://www.columbia.com/p/mens-pfg-slack-tide-camp-shirt-1577051.html?color=010&size=S,Men’s Slack Tide Camp Wicking Sun Shading Shirt | Columbia,19.90,USD,jsonld_offer_price
columbia,1577051,B_2024_2026,202512,20251217131351,https://web.archive.org/web/20251217131351/https://www.columbia.com/p/mens-pfg-slack-tide-camp-shirt-1577051.html?color=019,Men’s Slack Tide Camp Wicking Sun Shading Shirt | Columbia,19.90,USD,jsonld_offer_price
columbia,1577051,B_2024_2026,202601,20260115204623,https://web.archive.org/web/20260115204623/https://www.columbia.com/p/mens-pfg-slack-tide-camp-shirt-1577051.html?color=381,Men’s Slack Tide Camp Wicking Sun Shading Shirt | Columbia,50.00,USD,jsonld_offer_price
columbia,1577051,B_2024_2026,202602,20260207050606,https://web.archive.org/web/20260207050606/https://www.columbia.com/p/mens-pfg-slack-tide-camp-shirt-1577051.html?color=023,Men’s Slack Tide Camp Wicking Sun Shading Shirt | Columbia,50.00,USD,jsonld_offer_price
columbia,1577051,B_2024_2026,202603,20260315113104,https://web.archive.org/web/20260315113104/https://www.columbia.com/p/mens-pfg-slack-tide-camp-shirt-1577051.html?color=010,Men’s Slack Tide Camp Wicking Sun Shading Shirt | Columbia,50.00,USD,jsonld_offer_price
columbia,1577051,B_2024_2026,202604,20260422144320,https://web.archive.org/web/20260422144320/https://www.columbia.com/p/mens-pfg-slack-tide-camp-shirt-1577051.html,Men’s Slack Tide Camp Wicking Sun Shading Shirt | Columbia,50.00,USD,jsonld_offer_price
columbia,1577051,B_2024_2026,202605,20260513102257,https://web.archive.org/web/20260513102257/https://www.columbia.com/p/mens-pfg-slack-tide-camp-shirt-1577051.html?color=023&size=XXL,Men’s Slack Tide Camp Wicking Sun Shading Shirt | Columbia,50.00,USD,jsonld_offer_price
columbia,1577051,B_2024_2026,202606,20260613122525,https://web.archive.org/web/20260613122525/https://www.columbia.com/p/mens-pfg-slack-tide-camp-shirt-1577051.html?color=010&size=L,Men’s Slack Tide Camp Wicking Sun Shading Shirt | Columbia,37.50,USD,jsonld_offer_price
columbia,1577051,B_2024_2026,202608,20260811043633,https://web.archive.org/web/20260811043633/https://www.columbia.com/p/mens-pfg-slack-tide-camp-shirt-1577051.html,,,,no_price_found
columbia,1577051,B_2024_2026,202609,20260921091930,https://web.archive.org/web/20260921091930/https://www.columbia.com/p/mens-pfg-slack-tide-camp-shirt-1577051.html,,,,no_price_found
columbia,1625621,A_2018_2020,201801,20180125195700,https://web.archive.org/web/20180125195700/https://www.columbia.com/mens-phg-fleece-jacket-1625621.html,Men’s PHG Fleece Jacket Warm Camo Zippered Pockets Hunting | Columbia,27.90,USD,meta_product_price
columbia,1625621,A_2018_2020,201802,20180208155901,https://web.archive.org/web/20180208155901/https://www.columbia.com/mens-phg-fleece-jacket-1625621.html?cgid=men-jacketsVests&dwvar_1625621_variationColor=010,Men’s PHG Fleece Jacket Warm Camo Zippered Pockets Hunting | Columbia,27.90,USD,meta_product_price
columbia,1625621,A_2018_2020,201803,20180307033449,https://web.archive.org/web/20180307033449/https://www.columbia.com/mens-phg-fleece-jacket-1625621.html?cgid=sale-men&dwvar_1625621_variationColor=250,Men’s PHG Fleece Jacket Warm Camo Zippered Pockets Hunting | Columbia,,USD,no_price_found
columbia,1625621,A_2018_2020,201907,20190720054709,https://web.archive.org/web/20190720054709/https://www.columbia.com/mens-phg-fleece-jacket-1625621.html,Men’s PHG Fleece Jacket Warm Camo Zippered Pockets Hunting | Columbia,40,USD,jsonld_offer_price
columbia,1625621,A_2018_2020,201909,20190921172225,https://web.archive.org/web/20190921172225/https://www.columbia.com/mens-phg-fleece-jacket-1625621.html?cgid=activity-hunting&dwvar_1625621_variationColor=369,Men’s PHG Fleece Jacket Warm Camo Zippered Pockets Hunting | Columbia,40,USD,jsonld_offer_price
columbia,1625621,A_2018_2020,201910,20191022094607,https://web.archive.org/web/20191022094607/https://www.columbia.com/mens-phg-fleece-jacket-1625621.html?dwvar_1625621_variationColor=011,Men’s PHG Fleece Jacket Warm Camo Zippered Pockets Hunting | Columbia,40,USD,jsonld_offer_price
columbia,1625621,A_2018_2020,201911,20191115023534,https://web.archive.org/web/20191115023534/https://www.columbia.com/mens-phg-fleece-jacket-1625621.html?cgid=activity-hunting-jackets&dwvar_1625621_variationColor=369,Men’s PHG Fleece Jacket Warm Camo Zippered Pockets Hunting | Columbia,40,USD,jsonld_offer_price
columbia,1625621,A_2018_2020,201912,20191205150934,https://web.archive.org/web/20191205150934/https://www.columbia.com/mens-phg-fleece-jacket-1625621.html,Men’s PHG Fleece Jacket Warm Camo Zippered Pockets Hunting | Columbia,40,USD,jsonld_offer_price
columbia,1625621,B_2024_2026,202409,20240913025844,https://web.archive.org/web/20240913025844/https://www.columbia.com/p/mens-phg-fleece-jacket-1625621.html,Men's PHG Fleece Jacket | Columbia Sportswear,45.00,USD,jsonld_offer_price
columbia,1625621,B_2024_2026,202501,20250131060124,https://web.archive.org/web/20250131060124/https://www.columbia.com/p/mens-phg-fleece-jacket-1625621.html?dwvar_1625621_color=012&mid=affiliate&eid=cj&uid=11554828&nid=100684493&cjevent=0528584fdf9011ef80ed14470a18ba72,Men's PHG Fleece Jacket | Columbia Sportswear,22.50,USD,jsonld_offer_price
columbia,1625621,B_2024_2026,202502,20250219232912,https://web.archive.org/web/20250219232912/https://www.columbia.com/p/mens-phg-fleece-jacket-1625621.html,,,,no_price_found
columbia,1625621,B_2024_2026,202503,20250328130125,https://web.archive.org/web/20250328130125/https://www.columbia.com/p/mens-phg-fleece-jacket-1625621.html?dwvar_1625621_color=805&dwvar_1625621_size=XL,Men's PHG Fleece Jacket | Columbia Sportswear,27.00,USD,jsonld_offer_price
columbia,1625621,B_2024_2026,202509,20250928135054,https://web.archive.org/web/20250928135054/https://www.columbia.com/p/mens-phg-fleece-jacket-1625621.html?color=012,,,,fetch_failed
columbia,1625621,B_2024_2026,202511,20251115035246,https://web.archive.org/web/20251115035246/https://www.columbia.com/p/mens-phg-fleece-jacket-1625621.html,Men's PHG Fleece Vest | Columbia,24.00,USD,jsonld_offer_price
columbia,1625621,B_2024_2026,202602,20260210125409,https://web.archive.org/web/20260210125409/https://www.columbia.com/p/mens-phg-fleece-jacket-1625621.html?color=350&size=XXL,Men's PHG Fleece Vest | Columbia,24.00,USD,jsonld_offer_price
columbia,1625621,B_2024_2026,202604,20260413103742,https://web.archive.org/web/20260413103742/https://www.columbia.com/p/mens-phg-fleece-jacket-1625621.html?color=350&size=M,Men's PHG Fleece Vest | Columbia,24.00,USD,jsonld_offer_price
columbia,1625621,B_2024_2026,202605,20260521173012,https://web.archive.org/web/20260521173012/https://www.columbia.com/p/mens-phg-fleece-jacket-1625621.html,,,,no_price_found
columbia,1625621,B_2024_2026,202606,20260610215125,https://web.archive.org/web/20260610215125/https://www.columbia.com/p/mens-phg-fleece-jacket-1625621.html?color=805,Men's PHG Fleece Vest | Columbia,24.00,USD,jsonld_offer_price
columbia,1637871,A_2018_2020,201801,20180126070602,https://web.archive.org/web/20180126070602/https://www.columbia.com/youth-powderbug-plus-ii-snow-boot-1637871.html?cgid=footwear-kids&dwvar_1637871_variationColor=010,"Youth Powderbug Plus II Warm, Waterproof Winter Boot | Columbia.com",34.90,USD,meta_product_price
columbia,1637871,A_2018_2020,201803,20180319004230,https://web.archive.org/web/20180319004230/https://www.columbia.com/youth-powderbug-plus-ii-snow-boot-1637871.html,"Youth Powderbug Plus II Warm, Waterproof Winter Boot | Columbia.com",34.90,USD,meta_product_price
columbia,1637871,A_2018_2020,201907,20190717122930,https://web.archive.org/web/20190717122930/https://www.columbia.com/big-kids-powderbug-plus-ii-snow-boot-1637871.html,"Big Kids' Powderbug Plus II Warm, Waterproof Winter Boot | Columbia",55,USD,jsonld_offer_price
columbia,1637871,A_2018_2020,201909,20190917040907,https://web.archive.org/web/20190917040907/https://www.columbia.com/big-kids-powderbug-plus-ii-snow-boot-1637871.html?cgid=kids-boys-footwear&dwvar_1637871_variationColor=464,"Big Kids' Powderbug Plus II Warm, Waterproof Winter Boot | Columbia",55,USD,jsonld_offer_price
columbia,1637871,A_2018_2020,201910,20191016145813,https://web.archive.org/web/20191016145813/https://www.columbia.com/big-kids-powderbug-plus-ii-snow-boot-1637871.html?cgid=footwear-kids&dwvar_1637871_variationColor=464,"Big Kids' Powderbug Plus II Warm, Waterproof Winter Boot | Columbia",55,USD,jsonld_offer_price
columbia,1637871,A_2018_2020,201911,20191112002926,https://web.archive.org/web/20191112002926/https://www.columbia.com/big-kids-powderbug-plus-ii-snow-boot-1637871.html,"Big Kids' Powderbug Plus II Warm, Waterproof Winter Boot | Columbia",55,USD,jsonld_offer_price
columbia,1637871,A_2018_2020,201912,20191209213836,https://web.archive.org/web/20191209213836/https://www.columbia.com/big-kids-powderbug-plus-ii-snow-boot-1637871.html?cgid=fathersDay&dwvar_1637871_variationColor=464,"Big Kids' Powderbug Plus II Warm, Waterproof Winter Boot | Columbia",55,USD,jsonld_offer_price
columbia,1637871,B_2024_2026,202406,20240618151415,https://web.archive.org/web/20240618151415/https://www.columbia.com/p/big-kids-powderbug-plus-ii-snow-boot-1637871.html?dwvar_1637871_color=464&quantity=1,Big Kids’ Powderbug™ Plus II Snow Boot | Columbia Sportswear,48.92,USD,jsonld_offer_price
columbia,1637871,B_2024_2026,202407,20240716120754,https://web.archive.org/web/20240716120754/https://www.columbia.com/p/big-kids-powderbug-plus-ii-snow-boot-1637871.html,Big Kids’ Powderbug™ Plus II Snow Boot | Columbia Sportswear,45.50,USD,jsonld_offer_price
columbia,1637871,B_2024_2026,202408,20240803044730,https://web.archive.org/web/20240803044730/https://www.columbia.com/p/big-kids-powderbug-plus-ii-snow-boot-1637871.html,Big Kids’ Powderbug™ Plus II Snow Boot | Columbia Sportswear,45.50,USD,jsonld_offer_price
columbia,1637871,B_2024_2026,202409,20240913013910,https://web.archive.org/web/20240913013910/https://www.columbia.com/p/big-kids-powderbug-plus-ii-snow-boot-1637871.html?dwvar_1637871_color=464,Big Kids’ Powderbug™ Plus II Snow Boot | Columbia Sportswear,45.50,USD,jsonld_offer_price
columbia,1637871,B_2024_2026,202410,20241010084644,https://web.archive.org/web/20241010084644/https://www.columbia.com/p/big-kids-powderbug-plus-ii-snow-boot-1637871.html,Big Kids’ Powderbug™ Plus II Snow Boot | Columbia Sportswear,39.00,USD,jsonld_offer_price
columbia,1637871,B_2024_2026,202411,20241109185606,https://web.archive.org/web/20241109185606/https://www.columbia.com/p/big-kids-powderbug-plus-ii-snow-boot-1637871.html,Big Kids’ Powderbug™ Plus II Snow Boot | Columbia Sportswear,39.00,USD,jsonld_offer_price
columbia,1637871,B_2024_2026,202412,20241201182652,https://web.archive.org/web/20241201182652/https://www.columbia.com/p/big-kids-powderbug-plus-ii-snow-boot-1637871.html,Big Kids’ Powderbug™ Plus II Snow Boot | Columbia Sportswear,39.00,USD,jsonld_offer_price
columbia,1637871,B_2024_2026,202504,20250425231451,https://web.archive.org/web/20250425231451/https://www.columbia.com/p/big-kids-powderbug-plus-ii-snow-boot-1637871.html,Big Kids’ Powderbug™ Plus II Snow Boot | Columbia Sportswear,39.00,USD,jsonld_offer_price
columbia,1637871,B_2024_2026,202602,20260207222837,https://web.archive.org/web/20260207222837/https://www.columbia.com/p/big-kids-powderbug-plus-ii-snow-boot-1637871.html?color=012,"Big Kids' Powderbug Plus II Warm, Waterproof Winter Boot",39.00,USD,jsonld_offer_price
columbia,1637871,B_2024_2026,202605,20260520131641,https://web.archive.org/web/20260520131641/https://www.columbia.com/p/big-kids-powderbug-plus-ii-snow-boot-1637871.html,"Big Kids' Powderbug Plus II Warm, Waterproof Winter Boot",39.00,USD,jsonld_offer_price
columbia,1620801,A_2018_2020,201802,20180219000454,https://web.archive.org/web/20180219000454/https://www.columbia.com/boys-steens-mt-fleece-vest-1620801.html,Boys Steens Mt Fleece Warm Vest | Columbia.com,14.90,USD,meta_product_price
columbia,1620801,A_2018_2020,201803,20180306175252,https://web.archive.org/web/20180306175252/https://www.columbia.com/boys-steens-mt-fleece-vest-1620801.html?dwvar_1620801_variationColor=464,Boys Steens Mt Fleece Warm Vest | Columbia.com,14.90,USD,meta_product_price
columbia,1620801,A_2018_2020,201907,20190721095022,https://web.archive.org/web/20190721095022/https://www.columbia.com/boys-steens-mountain-fleece-vest-1620801.html,Boys' Steens Mountain™ Fleece Vest | Columbia.com,20,USD,jsonld_offer_price
columbia,1620801,A_2018_2020,201909,20190917001658,https://web.archive.org/web/20190917001658/https://www.columbia.com/boys-steens-mountain-fleece-vest-1620801.html?cgid=activity-hiking-vests&dwvar_1620801_variationColor=438,Boys' Steens Mountain™ Fleece Vest | Columbia.com,20,USD,jsonld_offer_price
columbia,1620801,A_2018_2020,201910,20191016222507,https://web.archive.org/web/20191016222507/https://www.columbia.com/boys-steens-mountain-fleece-vest-1620801.html?cgid=kids-boys-vests&dwvar_1620801_variationColor=363,Boys' Steens Mountain™ Fleece Vest | Columbia.com,20,USD,jsonld_offer_price
columbia,1620801,A_2018_2020,201911,20191114003043,https://web.archive.org/web/20191114003043/https://www.columbia.com/boys-steens-mountain-fleece-vest-1620801.html?cgid=kids-boys-vests&dwvar_1620801_variationColor=438,Boys' Steens Mountain™ Fleece Vest | Columbia.com,20,USD,jsonld_offer_price
columbia,1620801,A_2018_2020,201912,20191215010703,https://web.archive.org/web/20191215010703/https://www.columbia.com/boys-steens-mountain-fleece-vest-1620801.html,Boys' Steens Mountain™ Fleece Vest | Columbia.com,20,USD,jsonld_offer_price
columbia,1620801,B_2024_2026,202406,20240617231024,https://web.archive.org/web/20240617231024/https://www.columbia.com/p/boys-steens-mtn-fleece-vest-1620801.html?dwvar_1620801_color=464,Access to this page has been denied.,,,no_price_found
columbia,1620801,B_2024_2026,202407,20240722043416,https://web.archive.org/web/20240722043416/https://www.columbia.com/p/boys-steens-mtn-fleece-vest-1620801.html,Boys’ Steens Mtn™ Fleece Vest | Columbia Sportswear,25.00,USD,jsonld_offer_price
columbia,1620801,B_2024_2026,202408,20240805001320,https://web.archive.org/web/20240805001320/https://www.columbia.com/p/boys-steens-mtn-fleece-vest-1620801.html?dwvar_1620801_color=010,Boys’ Steens Mtn™ Fleece Vest | Columbia Sportswear,25.00,USD,jsonld_offer_price
columbia,1620801,B_2024_2026,202409,20240911135323,https://web.archive.org/web/20240911135323/https://www.columbia.com/p/boys-steens-mtn-fleece-vest-1620801.html,Boys’ Steens Mtn™ Fleece Vest | Columbia Sportswear,25.00,USD,jsonld_offer_price
columbia,1620801,B_2024_2026,202410,20241001021532,https://web.archive.org/web/20241001021532/https://www.columbia.com/p/boys-steens-mtn-fleece-vest-1620801.html,Boys’ Steens Mtn™ Fleece Vest | Columbia Sportswear,25.00,USD,jsonld_offer_price
columbia,1620801,B_2024_2026,202411,20241104182841,https://web.archive.org/web/20241104182841/https://www.columbia.com/p/boys-steens-mtn-fleece-vest-1620801.html?dwvar_1620801_color=010&dwvar_1620801_size=L,Boys’ Steens Mtn™ Fleece Vest | Columbia Sportswear,25.00,USD,jsonld_offer_price
columbia,1620801,B_2024_2026,202412,20241206013320,https://web.archive.org/web/20241206013320/https://www.columbia.com/p/boys-steens-mtn-fleece-vest-1620801.html?dwvar_1620801_color=432,Boys’ Steens Mtn™ Fleece Vest | Columbia Sportswear,18.75,USD,jsonld_offer_price
columbia,1620801,B_2024_2026,202508,20250813225649,https://web.archive.org/web/20250813225649/https://www.columbia.com/p/boys-steens-mtn-fleece-vest-1620801.html?dwvar_1620801_color=464,Boys’ Steens Mtn Fleece Vest | Columbia,35.00,USD,jsonld_offer_price
columbia,1620801,B_2024_2026,202509,20250912220010,https://web.archive.org/web/20250912220010/https://www.columbia.com/p/boys-steens-mtn-fleece-vest-1620801.html?color=461,Boys’ Steens Mtn Fleece Vest | Columbia,24.50,USD,jsonld_offer_price
columbia,1620801,B_2024_2026,202510,20251014224933,https://web.archive.org/web/20251014224933/https://www.columbia.com/p/boys-steens-mtn-fleece-vest-1620801.html,Boys’ Steens Mtn Fleece Vest | Columbia,24.50,USD,jsonld_offer_price
columbia,1620801,B_2024_2026,202511,20251110064700,https://web.archive.org/web/20251110064700/https://www.columbia.com/p/boys-steens-mtn-fleece-vest-1620801.html?color=010,Boys’ Steens Mtn Fleece Vest | Columbia,18.75,USD,jsonld_offer_price
columbia,1620801,B_2024_2026,202512,20251213062042,https://web.archive.org/web/20251213062042/https://www.columbia.com/p/boys-steens-mtn-fleece-vest-1620801.html?color=030,Boys’ Steens Mtn Fleece Vest | Columbia,18.75,USD,jsonld_offer_price
columbia,1620801,B_2024_2026,202602,20260207225256,https://web.archive.org/web/20260207225256/https://www.columbia.com/p/boys-steens-mountain-fleece-vest-1620801.html?ef_id=CjwKCAjwmK6IBhBqEiwAocMc8t2HMCWT8v6ELtT0cvZDQQ4AJRIOs6wotDCnfYe1cJB1hcHSQN5x8hoCyzIQAvD_BwE%3AG%3As&eid=Google%2BPLA%2BUS&gclid=CjwKCAjwmK6IBhBqEiwAocMc8t2HMCWT8v6ELtT0cvZDQQ4AJRIOs6wotDCnfYe1cJB1hcHSQN5x8hoCyzIQAvD_BwE&mid=paidsearch&s_kwcid=AL%213937%213%21323067068070%21%21%21g%21604109217345%21&color=464&size=L,Boys’ Steens Mtn Fleece Vest | Columbia,18.75,USD,jsonld_offer_price
columbia,1620801,B_2024_2026,202608,20260812121244,https://web.archive.org/web/20260812121244/https://www.columbia.com/p/boys-steens-mtn-fleece-vest-1620801.html?uid=11554828&nid=7921344&utm_medium=affiliate&cjevent=3ed38938964611f18037009c0a1ebadf&cjdata=MXxOfDB8WXww&eid=cj&mid=affiliate,,,,no_price_found
columbia,1618262,A_2018_2020,201802,20180216213512,https://web.archive.org/web/20180216213512/https://www.columbia.com/boys-zing-iii-fleece---toddler-1618262_S.html?cgid=sale-kids-toddler&dwvar_1618262__S_variationColor=015,Boy’s Zing III Fleece With Hand Pockets | Columbia.com,12.98,USD,meta_product_price
columbia,1618262,A_2018_2020,201803,20180302160350,https://web.archive.org/web/20180302160350/https://www.columbia.com/boys-toddler-zing-iii-fleece-1618262.html?cgid=fleece&dwvar_1618262_variationColor=939,,,,fetch_failed
columbia,1618262,A_2018_2020,201907,20190715202900,https://web.archive.org/web/20190715202900/https://www.columbia.com/boys-zing-iii-fleece---toddler-1618262_S.html,Boy’s Zing III Fleece With Hand Pockets | Columbia.com,40,USD,jsonld_offer_price
columbia,1618262,A_2018_2020,201909,20190918004352,https://web.archive.org/web/20190918004352/https://www.columbia.com/boys-toddler-zing-iii-fleece-1618262.html?dwvar_1618262_variationColor=018&cgid=activity-hunting-jackets,Toddler Boy’s Zing III Fleece With Hand Pockets | Columbia.com,28,USD,jsonld_offer_price
columbia,1618262,A_2018_2020,201910,20191016164347,https://web.archive.org/web/20191016164347/https://www.columbia.com/boys-toddler-zing-iii-fleece-jacket-1618262.html,Toddler Boy’s Zing III Fleece With Hand Pockets | Columbia.com,27.99,USD,json_price_field
columbia,1618262,A_2018_2020,201911,20191122145928,https://web.archive.org/web/20191122145928/https://www.columbia.com/boys-toddler-zing-iii-fleece-jacket-1618262.html?dwvar_1618262_variationColor=615,Toddler Boy’s Zing III Fleece With Hand Pockets | Columbia.com,28,USD,jsonld_offer_price
columbia,1618262,A_2018_2020,201912,20191214204656,https://web.archive.org/web/20191214204656/https://www.columbia.com/boys-toddler-zing-iii-fleece-jacket-1618262.html,Toddler Boy’s Zing III Fleece With Hand Pockets | Columbia.com,28,USD,jsonld_offer_price
columbia,1618262,B_2024_2026,202408,20240810113456,https://web.archive.org/web/20240810113456/https://www.columbia.com/p/boys-toddler-zing-iii-fleece-jacket-1618262.html?dwvar_1618262_color=005,Boys’ Toddler Zing™ III Fleece Jacket,33.00,USD,jsonld_offer_price
columbia,1618262,B_2024_2026,202409,20240920094002,https://web.archive.org/web/20240920094002/https://www.columbia.com/p/boys-toddler-zing-iii-fleece-jacket-1618262.html,Boys’ Toddler Zing™ III Fleece Jacket | Columbia Sportswear,33.00,USD,jsonld_offer_price
columbia,1618262,B_2024_2026,202410,20241011050359,https://web.archive.org/web/20241011050359/https://www.columbia.com/p/boys-toddler-zing-iii-fleece-jacket-1618262.html?dwvar_1618262_color=007&dwvar_1618262_size=4T,Boys’ Toddler Zing™ III Fleece Jacket | Columbia Sportswear,33.00,USD,jsonld_offer_price
columbia,1618262,B_2024_2026,202411,20241105191707,https://web.archive.org/web/20241105191707/https://www.columbia.com/p/boys-toddler-zing-iii-fleece-jacket-1618262.html?dwvar_1618262_color=397&dwvar_1618262_size=3T,Boys’ Toddler Zing™ III Fleece Jacket | Columbia Sportswear,33.00,USD,jsonld_offer_price
columbia,1618262,B_2024_2026,202412,20241206084428,https://web.archive.org/web/20241206084428/https://www.columbia.com/p/boys-toddler-zing-iii-fleece-jacket-1618262.html?dwvar_1618262_color=474,Boys' Toddler Zing™ III Fleece Jacket | Columbia Sportswear,24.75,USD,jsonld_offer_price
columbia,1618262,B_2024_2026,202501,20250115221525,https://web.archive.org/web/20250115221525/https://www.columbia.com/p/boys-toddler-zing-iii-fleece-jacket-1618262.html?dwvar_1618262_color=474&dwvar_1618262_size=2T,Boys' Toddler Zing™ III Fleece Jacket | Columbia Sportswear,24.75,USD,jsonld_offer_price
columbia,1618262,B_2024_2026,202502,20250209074604,https://web.archive.org/web/20250209074604/https://www.columbia.com/p/boys-toddler-zing-iii-fleece-jacket-1618262.html,Boys' Toddler Zing™ III Fleece Jacket | Columbia Sportswear,33.00,USD,jsonld_offer_price
columbia,1618262,B_2024_2026,202503,20250325222011,https://web.archive.org/web/20250325222011/https://www.columbia.com/p/boys-toddler-zing-iii-fleece-jacket-1618262.html,Boys' Toddler Zing™ III Fleece Jacket | Columbia Sportswear,24.75,USD,jsonld_offer_price
columbia,1618262,B_2024_2026,202504,20250419060511,https://web.archive.org/web/20250419060511/https://www.columbia.com/p/boys-toddler-zing-iii-fleece-jacket-1618262.html,Boys' Toddler Zing™ III Fleece Jacket | Columbia Sportswear,26.40,USD,jsonld_offer_price
columbia,1618262,B_2024_2026,202507,20250717034245,https://web.archive.org/web/20250717034245/https://www.columbia.com/p/boys-toddler-zing-iii-fleece-jacket-1618262.html?dwvar_1618262_color=003,Boys' Toddler Zing III Fleece Jacket | Columbia,35.00,USD,jsonld_offer_price
columbia,1618262,B_2024_2026,202509,20250914203832,https://web.archive.org/web/20250914203832/https://www.columbia.com/p/boys-toddler-zing-iii-fleece-jacket-1618262.html?color=007,Boys' Toddler Zing III Fleece Jacket | Columbia,31.50,USD,jsonld_offer_price
columbia,1618262,B_2024_2026,202511,20251123161324,https://web.archive.org/web/20251123161324/https://www.columbia.com/p/boys-toddler-zing-iii-fleece-jacket-1618262.html,,,,no_price_found
columbia,1618262,B_2024_2026,202512,20251211005648,https://web.archive.org/web/20251211005648/https://www.columbia.com/p/boys-toddler-zing-iii-fleece-jacket-1618262.html?color=474,Boys' Toddler Zing III Fleece Jacket | Columbia,16.50,USD,jsonld_offer_price
columbia,1618262,B_2024_2026,202601,20260117104437,https://web.archive.org/web/20260117104437/https://www.columbia.com/p/boys-toddler-zing-iii-fleece-jacket-1618262.html?color=004,Boys' Toddler Zing III Fleece Jacket | Columbia,45.00,USD,jsonld_offer_price
columbia,1618262,B_2024_2026,202602,20260210191037,https://web.archive.org/web/20260210191037/https://www.columbia.com/p/boys-toddler-zing-iii-fleece-jacket-1618262.html,Boys' Toddler Zing III Fleece Jacket | Columbia,31.50,USD,jsonld_offer_price
columbia,1618262,B_2024_2026,202603,20260317003113,https://web.archive.org/web/20260317003113/https://www.columbia.com/p/boys-toddler-zing-iii-fleece-jacket-1618262.html?pzn_hash=default&color=444,Boys' Toddler Zing III Fleece Jacket | Columbia,31.50,USD,jsonld_offer_price
columbia,1618262,B_2024_2026,202604,20260411024631,https://web.archive.org/web/20260411024631/https://www.columbia.com/p/boys-toddler-zing-iii-fleece-jacket-1618262.html?color=461,Boys' Toddler Zing III Fleece Jacket | Columbia,31.50,USD,jsonld_offer_price
columbia,1618262,B_2024_2026,202606,20260602185258,https://web.archive.org/web/20260602185258/https://www.columbia.com/p/boys-toddler-zing-iii-fleece-jacket-1618262.html,,,,no_price_found
