date,retailer,parent,segment,url,final_url,sku,name,brand,price,list_price,currency,availability,origin,origin_text,category,http_status,note
2026-10-10,old_navy,Gap Inc,fast_fashion,https://oldnavy.gap.com/browse/product.do?pid=904894002&vid=1&pcid=55474&cid=55474,https://oldnavy.gap.com/browse/product.do?pid=904894002&vid=1&pcid=55474&cid=55474#pdp-page-content,904894002,Plaid Jacket,Old Navy,38.99,,USD,InStock,Imported,according to the care instruction label imported Shipping & returns  This is a carousel ,https://oldnavy.gap.com/browse/category.do?cid=55474,200,
2026-10-10,old_navy,Gap Inc,fast_fashion,https://oldnavy.gap.com/browse/product.do?pid=904893032&vid=1&pcid=55474&cid=55474,https://oldnavy.gap.com/browse/product.do?pid=904893032&vid=1&pcid=55474&cid=55474#pdp-page-content,904893032,Oversized Longline Overcoat,Old Navy,53.99,,USD,InStock,Imported,according to the care instruction label imported Shipping & returns  This is a carousel ,https://oldnavy.gap.com/browse/category.do?cid=55474,200,
2026-10-10,old_navy,Gap Inc,fast_fashion,https://oldnavy.gap.com/browse/product.do?pid=1181338002&vid=1&pcid=55474&cid=55474,https://oldnavy.gap.com/browse/product.do?pid=1181338002&vid=1&pcid=55474&cid=55474#pdp-page-content,1181338002,Cavalry Denim Jacket,Old Navy,29.99,,USD,InStock,Imported,according to the care instruction label imported Shipping & returns  This is a carousel ,https://oldnavy.gap.com/browse/category.do?cid=55474,200,
2026-10-10,old_navy,Gap Inc,fast_fashion,https://oldnavy.gap.com/browse/product.do?pid=1181340002&vid=1&pcid=55474&cid=55474,https://oldnavy.gap.com/browse/product.do?pid=1181340002&vid=1&pcid=55474&cid=55474#pdp-page-content,1181340002,Oversized Full-Length Overcoat,Old Navy,53.99,,USD,InStock,Imported,according to the care instruction label imported Shipping & returns  This is a carousel ,https://oldnavy.gap.com/browse/category.do?cid=55474,200,
2026-10-10,old_navy,Gap Inc,fast_fashion,https://oldnavy.gap.com/browse/product.do?pid=905918002&vid=1&pcid=55474&cid=55474,https://oldnavy.gap.com/browse/product.do?pid=905918002&vid=1&pcid=55474&cid=55474#pdp-page-content,905918002,Loose Sherpa Mixed-Media Pullover,Old Navy,35.99,,USD,InStock,Imported,according to the care instruction label imported Shipping & returns  This is a carousel ,https://oldnavy.gap.com/browse/category.do?cid=55474,200,
2026-10-10,old_navy,Gap Inc,fast_fashion,https://oldnavy.gap.com/browse/product.do?pid=1188713002&vid=1&pcid=55474&cid=55474,https://oldnavy.gap.com/browse/product.do?pid=1188713002&vid=1&pcid=55474&cid=55474#pdp-page-content,1188713002,Twill Cape Jacket,Old Navy,38.99,,USD,InStock,Imported,according to the care instruction label imported Shipping & returns  This is a carousel ,https://oldnavy.gap.com/browse/category.do?cid=55474,200,
2026-10-10,old_navy,Gap Inc,fast_fashion,https://oldnavy.gap.com/browse/product.do?pid=1188714002&vid=1&pcid=55474&cid=55474,https://oldnavy.gap.com/browse/product.do?pid=1188714002&vid=1&pcid=55474&cid=55474#pdp-page-content,1188714002,Longline Twill Double-Breasted Blazer,Old Navy,38.99,,USD,InStock,Imported,according to the care instruction label imported Shipping & returns  This is a carousel ,https://oldnavy.gap.com/browse/category.do?cid=55474,200,
2026-10-10,old_navy,Gap Inc,fast_fashion,https://oldnavy.gap.com/browse/product.do?pid=900512022&vid=1&pcid=55474&cid=55474,https://oldnavy.gap.com/browse/product.do?pid=900512022&vid=1&pcid=55474&cid=55474#pdp-page-content,900512022,Cropped Barn Jacket,Old Navy,35.99,,USD,InStock,Imported,according to the care instruction label imported Shipping & returns  This is a carousel ,https://oldnavy.gap.com/browse/category.do?cid=55474,200,
2026-10-10,old_navy,Gap Inc,fast_fashion,https://oldnavy.gap.com/browse/product.do?pid=465150002&vid=1&pcid=55474&cid=55474,https://oldnavy.gap.com/browse/product.do?pid=465150002&vid=1&pcid=55474&cid=55474#pdp-page-content,465150002,Classic Jean Jacket,Old Navy,26.99,,USD,InStock,Imported,according to the care instruction label imported Shipping & returns  This is a carousel ,https://oldnavy.gap.com/browse/category.do?cid=55474,200,
2026-10-10,old_navy,Gap Inc,fast_fashion,https://oldnavy.gap.com/browse/product.do?pid=902836002&vid=1&pcid=55474&cid=55474,https://oldnavy.gap.com/browse/product.do?pid=902836002&vid=1&pcid=55474&cid=55474#pdp-page-content,902836002,Funnel-Neck Denim Jacket,Old Navy,38.99,,USD,InStock,Imported,according to the care instruction label imported Shipping & returns  This is a carousel ,https://oldnavy.gap.com/browse/category.do?cid=55474,200,
2026-10-10,old_navy,Gap Inc,fast_fashion,https://oldnavy.gap.com/browse/product.do?pid=905910002&vid=1&pcid=55474&cid=55474,https://oldnavy.gap.com/browse/product.do?pid=905910002&vid=1&pcid=55474&cid=55474#pdp-page-content,905910002,Oversized Twill Double-Breasted Blazer,Old Navy,44.99,,USD,InStock,Imported, 30% viscose rayon 2% spandex dry clean imported Shipping & returns  This is a carousel ,https://oldnavy.gap.com/browse/category.do?cid=55474,200,
2026-10-10,old_navy,Gap Inc,fast_fashion,https://oldnavy.gap.com/browse/product.do?pid=904895012&vid=1&pcid=55474&cid=55474,https://oldnavy.gap.com/browse/product.do?pid=904895012&vid=1&pcid=55474&cid=55474#pdp-page-content,904895012,Belted Utility Jacket,Old Navy,38.99,,USD,InStock,Imported,according to the care instruction label imported Shipping & returns  This is a carousel ,https://oldnavy.gap.com/browse/category.do?cid=55474,200,
2026-10-10,old_navy,Gap Inc,fast_fashion,https://oldnavy.gap.com/browse/product.do?pid=905914002&vid=1&pcid=55474&cid=55474,https://oldnavy.gap.com/browse/product.do?pid=905914002&vid=1&pcid=55474&cid=55474#pdp-page-content,905914002,Full-Length Trench Coat,Old Navy,50.99,,USD,InStock,Imported,according to the care instruction label imported Shipping & returns  This is a carousel ,https://oldnavy.gap.com/browse/category.do?cid=55474,200,
2026-10-10,old_navy,Gap Inc,fast_fashion,https://oldnavy.gap.com/browse/product.do?pid=1188715002&vid=1&pcid=55474&cid=55474,https://oldnavy.gap.com/browse/product.do?pid=1188715002&vid=1&pcid=55474&cid=55474#pdp-page-content,1188715002,Denim Cape Jacket,Old Navy,38.99,,USD,InStock,Imported,according to the care instruction label imported Shipping & returns  This is a carousel ,https://oldnavy.gap.com/browse/category.do?cid=55474,200,
2026-10-10,old_navy,Gap Inc,fast_fashion,https://oldnavy.gap.com/browse/product.do?pid=766312032&vid=1&pcid=55474&cid=55474,https://oldnavy.gap.com/browse/product.do?pid=766312032&vid=1&pcid=55474&cid=55474#pdp-page-content,766312032,Classic Double-Weave Blazer,Old Navy,29.99,,USD,InStock,Imported,spandex 100% polyester lining dry clean imported Shipping & returns  This is a carousel ,https://oldnavy.gap.com/browse/category.do?cid=55474,200,
2026-10-10,old_navy,Gap Inc,fast_fashion,https://oldnavy.gap.com/browse/product.do?pid=907272002&vid=1&pcid=55474&cid=55474,https://oldnavy.gap.com/browse/product.do?pid=907272002&vid=1&pcid=55474&cid=55474#pdp-page-content,907272002,Loose Sherpa Full-Zip Jacket,Old Navy,32.99,,USD,InStock,Imported,according to the care instruction label imported Shipping & returns  This is a carousel ,https://oldnavy.gap.com/browse/category.do?cid=55474,200,
2026-10-10,old_navy,Gap Inc,fast_fashion,https://oldnavy.gap.com/browse/product.do?pid=1184432002&vid=1&pcid=55474&cid=55474,https://oldnavy.gap.com/browse/product.do?pid=1184432002&vid=1&pcid=55474&cid=55474#pdp-page-content,1184432002,Old Navy x Altuzarra Sherpa Jacket,Old Navy,79.99,,USD,InStock,Imported,according to the care instruction label imported Shipping & returns  This is a carousel ,https://oldnavy.gap.com/browse/category.do?cid=55474,200,
2026-10-10,old_navy,Gap Inc,fast_fashion,https://oldnavy.gap.com/browse/product.do?pid=1195868002&vid=1&pcid=55474&cid=55474,https://oldnavy.gap.com/browse/product.do?pid=1195868002&vid=1&pcid=55474&cid=55474#pdp-page-content,1195868002,Utility Jacket,Old Navy,35.99,,USD,InStock,Imported,according to the care instruction label imported Shipping & returns  This is a carousel ,https://oldnavy.gap.com/browse/category.do?cid=55474,200,
2026-10-10,old_navy,Gap Inc,fast_fashion,https://oldnavy.gap.com/browse/product.do?pid=903175012&vid=1&pcid=55474&cid=55474,https://oldnavy.gap.com/browse/product.do?pid=903175012&vid=1&pcid=55474&cid=55474#pdp-page-content,903175012,Funnel-Neck Core Puffer Jacket,Old Navy,35.99,,USD,InStock,Imported,according to the care instruction label imported Shipping & returns  This is a carousel ,https://oldnavy.gap.com/browse/category.do?cid=55474,200,
2026-10-10,old_navy,Gap Inc,fast_fashion,https://oldnavy.gap.com/browse/product.do?pid=907290012&vid=1&pcid=55474&cid=55474,https://oldnavy.gap.com/browse/product.do?pid=907290012&vid=1&pcid=55474&cid=55474#pdp-page-content,907290012,Full-Zip Faux-Suede Harrington Jacket,Old Navy,41.99,,USD,OutOfStock,Imported,according to the care instruction label imported Shipping & returns Check Out More Great,https://oldnavy.gap.com/browse/category.do?cid=55474,200,
2026-10-10,old_navy,Gap Inc,fast_fashion,https://oldnavy.gap.com/browse/product.do?pid=1184436002&vid=1&pcid=55474&cid=55474,https://oldnavy.gap.com/browse/product.do?pid=1184436002&vid=1&pcid=55474&cid=55474#pdp-page-content,1184436002,Old Navy x Altuzarra Overcoat,Old Navy,119.99,,USD,InStock,Imported,according to the care instruction label imported Shipping & returns  This is a carousel ,https://oldnavy.gap.com/browse/category.do?cid=55474,200,
2026-10-10,old_navy,Gap Inc,fast_fashion,https://oldnavy.gap.com/browse/product.do?pid=1182183002&vid=1&pcid=55474&cid=55474,https://oldnavy.gap.com/browse/product.do?pid=1182183002&vid=1&pcid=55474&cid=55474#pdp-page-content,1182183002,Oversized Full-Length Overcoat,Old Navy,53.99,,USD,InStock,Imported,according to the care instruction label imported Shipping & returns  This is a carousel ,https://oldnavy.gap.com/browse/category.do?cid=55474,200,
2026-10-10,old_navy,Gap Inc,fast_fashion,https://oldnavy.gap.com/browse/product.do?pid=1184428002&vid=1&pcid=55474&cid=55474,https://oldnavy.gap.com/browse/product.do?pid=1184428002&vid=1&pcid=55474&cid=55474#pdp-page-content,1184428002,Old Navy x Altuzarra Oversized 2-In-1 Hooded Parka,Old Navy,144.99,,USD,InStock,Imported,according to the care instruction label imported Shipping & returns  This is a carousel ,https://oldnavy.gap.com/browse/category.do?cid=55474,200,
2026-10-10,old_navy,Gap Inc,fast_fashion,https://oldnavy.gap.com/browse/product.do?pid=903740002&vid=1&pcid=55474&cid=55474,https://oldnavy.gap.com/browse/product.do?pid=903740002&vid=1&pcid=55474&cid=55474#pdp-page-content,903740002,Loose Sherpa Half-Zip Pullover,Old Navy,29.99,,USD,InStock,Imported,according to the care instruction label imported Shipping & returns  This is a carousel ,https://oldnavy.gap.com/browse/category.do?cid=55474,200,
2026-10-10,old_navy,Gap Inc,fast_fashion,https://oldnavy.gap.com/browse/product.do?pid=1184413002&vid=1&pcid=55474&cid=55474,https://oldnavy.gap.com/browse/product.do?pid=1184413002&vid=1&pcid=55474&cid=55474#pdp-page-content,1184413002,Old Navy x Altuzarra Fitted Blazer,Old Navy,79.99,,USD,InStock,Imported,according to the care instruction label imported Shipping & returns  This is a carousel ,https://oldnavy.gap.com/browse/category.do?cid=55474,200,
2026-10-10,old_navy,Gap Inc,fast_fashion,https://oldnavy.gap.com/browse/product.do?pid=903680002&vid=1&pcid=55474&cid=55474,https://oldnavy.gap.com/browse/product.do?pid=903680002&vid=1&pcid=55474&cid=55474#pdp-page-content,903680002,Longline Sherpa Jacket,Old Navy,38.99,,USD,InStock,Imported,"d wear sizes s (4), l (12), and xl (18) imported Shipping & returns  This is a carousel ",https://oldnavy.gap.com/browse/category.do?cid=55474,200,
2026-10-10,old_navy,Gap Inc,fast_fashion,https://oldnavy.gap.com/browse/product.do?pid=903178002&vid=1&pcid=55474&cid=55474,https://oldnavy.gap.com/browse/product.do?pid=903178002&vid=1&pcid=55474&cid=55474#pdp-page-content,903178002,Oversized Rounded-Sleeve Anorak,Old Navy,38.99,,USD,OutOfStock,Imported,according to the care instruction label imported Shipping & returns  This is a carousel ,https://oldnavy.gap.com/browse/category.do?cid=55474,200,
2026-10-10,old_navy,Gap Inc,fast_fashion,https://oldnavy.gap.com/browse/product.do?pid=1181342002&vid=1&pcid=55474&cid=55474,https://oldnavy.gap.com/browse/product.do?pid=1181342002&vid=1&pcid=55474&cid=55474#pdp-page-content,1181342002,Faux-Fur Collar Utility Bomber Jacket,Old Navy,35.99,,USD,InStock,Imported,according to the care instruction label imported Shipping & returns  This is a carousel ,https://oldnavy.gap.com/browse/category.do?cid=55474,200,
2026-10-10,old_navy,Gap Inc,fast_fashion,https://oldnavy.gap.com/browse/product.do?pid=904916002&vid=1&pcid=55474&cid=55474,https://oldnavy.gap.com/browse/product.do?pid=904916002&vid=1&pcid=55474&cid=55474#pdp-page-content,904916002,Cropped Denim Barn Jacket,Old Navy,38.99,,USD,InStock,Imported,according to the care instruction label imported Shipping & returns  This is a carousel ,https://oldnavy.gap.com/browse/category.do?cid=55474,200,
2026-10-10,old_navy,Gap Inc,fast_fashion,https://oldnavy.gap.com/browse/product.do?pid=916674002&vid=1&pcid=55474&cid=55474,https://oldnavy.gap.com/browse/product.do?pid=916674002&vid=1&pcid=55474&cid=55474#pdp-page-content,916674002,Hooded Sherpa Vest,Old Navy,23.99,,USD,InStock,Imported,according to the care instruction label imported Shipping & returns  This is a carousel ,https://oldnavy.gap.com/browse/category.do?cid=55474,200,
2026-10-10,old_navy,Gap Inc,fast_fashion,https://oldnavy.gap.com/browse/product.do?pid=900512012&vid=1&pcid=55474&cid=55474,https://oldnavy.gap.com/browse/product.do?pid=900512012&vid=1&pcid=55474&cid=55474#pdp-page-content,900512012,Cropped Barn Jacket,Old Navy,35.99,,USD,InStock,Imported,according to the care instruction label imported Shipping & returns  This is a carousel ,https://oldnavy.gap.com/browse/category.do?cid=55474,200,
2026-10-10,old_navy,Gap Inc,fast_fashion,https://oldnavy.gap.com/browse/product.do?pid=903173022&vid=1&pcid=55474&cid=55474,https://oldnavy.gap.com/browse/product.do?pid=903173022&vid=1&pcid=55474&cid=55474#pdp-page-content,903173022,Water-Resistant Puffer Vest,Old Navy,29.99,,USD,InStock,Imported,according to the care instruction label imported Shipping & returns  This is a carousel ,https://oldnavy.gap.com/browse/category.do?cid=55474,200,
2026-10-10,old_navy,Gap Inc,fast_fashion,https://oldnavy.gap.com/browse/product.do?pid=467752002&vid=1&pcid=55474&cid=55474,https://oldnavy.gap.com/browse/product.do?pid=467752002&vid=1&pcid=55474&cid=55474#pdp-page-content,467752002,Classic Jean Jacket,Old Navy,26.99,,USD,InStock,Imported,according to the care instruction label imported Shipping & returns  This is a carousel ,https://oldnavy.gap.com/browse/category.do?cid=55474,200,
2026-10-10,old_navy,Gap Inc,fast_fashion,https://oldnavy.gap.com/browse/product.do?pid=903183052&vid=1&pcid=55474&cid=55474,https://oldnavy.gap.com/browse/product.do?pid=903183052&vid=1&pcid=55474&cid=55474#pdp-page-content,903183052,Performance Fleece Funnel Neck Pullover,Old Navy,17.99,,USD,InStock,Imported,according to the care instruction label imported Shipping & returns  This is a carousel ,https://oldnavy.gap.com/browse/category.do?cid=55474,200,
2026-10-10,old_navy,Gap Inc,fast_fashion,https://oldnavy.gap.com/browse/product.do?pid=1184419002&vid=1&pcid=55474&cid=55474,https://oldnavy.gap.com/browse/product.do?pid=1184419002&vid=1&pcid=55474&cid=55474#pdp-page-content,1184419002,Old Navy x Altuzarra Embellished Bomber Barn Jacket,Old Navy,89.99,,USD,OutOfStock,Imported,according to the care instruction label imported Shipping & returns  This is a carousel ,https://oldnavy.gap.com/browse/category.do?cid=55474,200,
2026-10-10,old_navy,Gap Inc,fast_fashion,https://oldnavy.gap.com/browse/product.do?pid=903176012&vid=1&pcid=55474&cid=55474,https://oldnavy.gap.com/browse/product.do?pid=903176012&vid=1&pcid=55474&cid=55474#pdp-page-content,903176012,Water-Resistant Oversized Bubble-Hem Zip Bomber Jacket,Old Navy,38.99,,USD,InStock,Imported,according to the care instruction label imported Shipping & returns  This is a carousel ,https://oldnavy.gap.com/browse/category.do?cid=55474,200,
2026-10-10,old_navy,Gap Inc,fast_fashion,https://oldnavy.gap.com/browse/product.do?pid=1188714012&vid=1&pcid=55474&cid=55474,https://oldnavy.gap.com/browse/product.do?pid=1188714012&vid=1&pcid=55474&cid=55474#pdp-page-content,1188714012,Longline Twill Double-Breasted Blazer,Old Navy,38.99,,USD,InStock,Imported,according to the care instruction label imported Shipping & returns  This is a carousel ,https://oldnavy.gap.com/browse/category.do?cid=55474,200,
2026-10-10,old_navy,Gap Inc,fast_fashion,https://oldnavy.gap.com/browse/product.do?pid=907272012&vid=1&pcid=55474&cid=55474,https://oldnavy.gap.com/browse/product.do?pid=907272012&vid=1&pcid=55474&cid=55474#pdp-page-content,907272012,Loose Sherpa Full-Zip Jacket,Old Navy,32.99,,USD,InStock,Imported,according to the care instruction label imported Shipping & returns  This is a carousel ,https://oldnavy.gap.com/browse/category.do?cid=55474,200,
2026-10-10,old_navy,Gap Inc,fast_fashion,https://oldnavy.gap.com/browse/product.do?pid=766312012&vid=1&pcid=55474&cid=55474,https://oldnavy.gap.com/browse/product.do?pid=766312012&vid=1&pcid=55474&cid=55474#pdp-page-content,766312012,Classic Double-Weave Blazer,Old Navy,29.99,,USD,InStock,Imported,spandex 100% polyester lining dry clean imported Shipping & returns  This is a carousel ,https://oldnavy.gap.com/browse/category.do?cid=55474,200,
2026-10-10,old_navy,Gap Inc,fast_fashion,https://oldnavy.gap.com/browse/product.do?pid=903184002&vid=1&pcid=55474&cid=55474,https://oldnavy.gap.com/browse/product.do?pid=903184002&vid=1&pcid=55474&cid=55474#pdp-page-content,903184002,Fitted Performance Fleece Full-Zip Jacket,Old Navy,17.99,,USD,InStock,Imported,ash according to care instruction label imported Shipping & returns  This is a carousel ,https://oldnavy.gap.com/browse/category.do?cid=55474,200,
2026-10-10,old_navy,Gap Inc,fast_fashion,https://oldnavy.gap.com/browse/product.do?pid=903724002&vid=1&pcid=55474&cid=55474,https://oldnavy.gap.com/browse/product.do?pid=903724002&vid=1&pcid=55474&cid=55474#pdp-page-content,903724002,Core Puffer Jacket,Old Navy,35.99,,USD,InStock,Imported,according to the care instruction label imported Shipping & returns  This is a carousel ,https://oldnavy.gap.com/browse/category.do?cid=55474,200,
2026-10-10,old_navy,Gap Inc,fast_fashion,https://oldnavy.gap.com/browse/product.do?pid=903769002&vid=1&pcid=55474&cid=55474,https://oldnavy.gap.com/browse/product.do?pid=903769002&vid=1&pcid=55474&cid=55474#pdp-page-content,903769002,TrekTech Oversized Jacket,Old Navy,32.99,,USD,InStock,Imported,according to the care instruction label imported Shipping & returns  This is a carousel ,https://oldnavy.gap.com/browse/category.do?cid=55474,200,
2026-10-10,old_navy,Gap Inc,fast_fashion,"https://oldnavy.gap.com/browse/product.do?pid=766960032&rrec=true&mlink=5001,1,Error_Page_onoos1_rr_0&clink=1&recommendation_response_id=3032d4f3be714e73a23d504ed74758af",https://oldnavy.gap.com/browse/product.do?pid=766960032&rrec=true&mlink=5001%2C1%2CError_Page_onoos1_rr_0&clink=1&recommendation_response_id=3032d4f3be714e73a23d504ed74758af&vid=1#pdp-page-content,766960032,School Uniform Jersey-Knit Polo Shirt for Girls,Old Navy,5.99,,USD,InStock,Imported,according to the care instruction label imported Shipping & returns  This is a carousel ,https://oldnavy.gap.com/browse/category.do?cid=1091018,200,
2026-10-10,old_navy,Gap Inc,fast_fashion,"https://oldnavy.gap.com/browse/product.do?pid=619919002&rrec=true&mlink=5001,1,Error_Page_onoos1_rr_1&clink=1&recommendation_response_id=3032d4f3be714e73a23d504ed74758af",https://oldnavy.gap.com/browse/product.do?pid=619919002&rrec=true&mlink=5001%2C1%2CError_Page_onoos1_rr_1&clink=1&recommendation_response_id=3032d4f3be714e73a23d504ed74758af&vid=1#pdp-page-content,619919002,First-Layer Scoop-Neck Tank Top,Old Navy,7.79,,USD,InStock,Imported,according to the care instruction label imported Shipping & returns  This is a carousel ,https://oldnavy.gap.com/browse/category.do?cid=1091018,200,
2026-10-10,old_navy,Gap Inc,fast_fashion,"https://oldnavy.gap.com/browse/product.do?pid=734873002&rrec=true&mlink=5001,1,Error_Page_onoos1_rr_2&clink=1&recommendation_response_id=3032d4f3be714e73a23d504ed74758af",https://oldnavy.gap.com/browse/product.do?pid=734873002&rrec=true&mlink=5001%2C1%2CError_Page_onoos1_rr_2&clink=1&recommendation_response_id=3032d4f3be714e73a23d504ed74758af&vid=1#pdp-page-content,734873002,Mid-Rise Wow Boot-Cut Jeans,Old Navy,22.19,,USD,InStock,Imported,according to the care instruction label imported Shipping & returns  This is a carousel ,https://oldnavy.gap.com/browse/category.do?cid=1091018,200,
2026-10-10,old_navy,Gap Inc,fast_fashion,"https://oldnavy.gap.com/browse/product.do?pid=788103002&rrec=true&mlink=5001,1,Error_Page_onoos1_rr_3&clink=1&recommendation_response_id=3032d4f3be714e73a23d504ed74758af",https://oldnavy.gap.com/browse/product.do?pid=788103002&rrec=true&mlink=5001%2C1%2CError_Page_onoos1_rr_3&clink=1&recommendation_response_id=3032d4f3be714e73a23d504ed74758af&vid=1#pdp-page-content,788103002,Mid-Rise Wow Baggy Wide-Leg Jeans,Old Navy,23.99,,USD,InStock,Imported,according to the care instruction label imported Shipping & returns  This is a carousel ,https://oldnavy.gap.com/browse/category.do?cid=1091018,200,
2026-10-10,old_navy,Gap Inc,fast_fashion,"https://oldnavy.gap.com/browse/product.do?pid=855428002&rrec=true&mlink=5001,1,Error_Page_onoos1_rr_4&clink=1&recommendation_response_id=3032d4f3be714e73a23d504ed74758af",https://oldnavy.gap.com/browse/product.do?pid=855428002&rrec=true&mlink=5001%2C1%2CError_Page_onoos1_rr_4&clink=1&recommendation_response_id=3032d4f3be714e73a23d504ed74758af&vid=1#pdp-page-content,855428002,Crew-Neck T-Shirt,Old Navy,8.99,,USD,InStock,Imported,according to the care instruction label imported Shipping & returns  This is a carousel ,https://oldnavy.gap.com/browse/category.do?cid=1091018,200,
2026-10-10,old_navy,Gap Inc,fast_fashion,"https://oldnavy.gap.com/browse/product.do?pid=619919012&rrec=true&mlink=5001,1,Error_Page_onoos1_rr_5&clink=1&recommendation_response_id=3032d4f3be714e73a23d504ed74758af",https://oldnavy.gap.com/browse/product.do?pid=619919012&rrec=true&mlink=5001%2C1%2CError_Page_onoos1_rr_5&clink=1&recommendation_response_id=3032d4f3be714e73a23d504ed74758af&vid=1#pdp-page-content,619919012,First-Layer Scoop-Neck Tank Top,Old Navy,7.79,,USD,OutOfStock,Imported,according to the care instruction label imported Shipping & returns  This is a carousel ,https://oldnavy.gap.com/browse/category.do?cid=1091018,200,
2026-10-10,old_navy,Gap Inc,fast_fashion,"https://oldnavy.gap.com/browse/product.do?pid=811395062&rrec=true&mlink=5001,1,Error_Page_onoos1_rr_6&clink=1&recommendation_response_id=3032d4f3be714e73a23d504ed74758af",https://oldnavy.gap.com/browse/product.do?pid=811395062&rrec=true&mlink=5001%2C1%2CError_Page_onoos1_rr_6&clink=1&recommendation_response_id=3032d4f3be714e73a23d504ed74758af&vid=1#pdp-page-content,811395062,Snug Crop Ribbed T-Shirt,Old Navy,10.19,,USD,InStock,Imported,according to the care instruction label imported Shipping & returns  This is a carousel ,https://oldnavy.gap.com/browse/category.do?cid=1091018,200,
2026-10-10,old_navy,Gap Inc,fast_fashion,"https://oldnavy.gap.com/browse/product.do?pid=487332002&rrec=true&mlink=5001,1,Error_Page_onoos1_rr_7&clink=1&recommendation_response_id=3032d4f3be714e73a23d504ed74758af",https://oldnavy.gap.com/browse/product.do?pid=487332002&rrec=true&mlink=5001%2C1%2CError_Page_onoos1_rr_7&clink=1&recommendation_response_id=3032d4f3be714e73a23d504ed74758af&vid=1#pdp-page-content,487332002,High-Waisted Wow Flare Jeans,Old Navy,22.19,,USD,InStock,Imported,according to the care instruction label imported Shipping & returns  This is a carousel ,https://oldnavy.gap.com/browse/category.do?cid=1091018,200,
