brand,product_urlkey,window,month,snapshot_timestamp,snapshot_url,page_title,price,currency,method
dior,"com,dior)/en_us",A_2018_2020,201807,20180726124220,https://web.archive.org/web/20180726124220/https://www.dior.com/en_us,,,,fetch_failed
dior,"com,dior)/en_us",A_2018_2020,201808,20180802052017,https://web.archive.org/web/20180802052017/https://www.dior.com/en_us,Dior official website,,,no_price_found
dior,"com,dior)/en_us",A_2018_2020,201809,20180901022228,https://web.archive.org/web/20180901022228/https://www.dior.com/en_us,Dior official website,,,no_price_found
dior,"com,dior)/en_us",A_2018_2020,201810,20181001122901,https://web.archive.org/web/20181001122901/https://www.dior.com/en_us,Dior official website,,,no_price_found
dior,"com,dior)/en_us",A_2018_2020,201811,20181101013009,https://web.archive.org/web/20181101013009/https://www.dior.com/en_us,,,,fetch_failed
dior,"com,dior)/en_us",A_2018_2020,201812,20181203080051,https://web.archive.org/web/20181203080051/https://www.dior.com/en_us,Dior official website | DIOR,,,no_price_found
dior,"com,dior)/en_us",A_2018_2020,201901,20190101015816,https://web.archive.org/web/20190101015816/https://www.dior.com/en_us,,,,fetch_failed
dior,"com,dior)/en_us",A_2018_2020,201902,20190202095849,https://web.archive.org/web/20190202095849/https://www.dior.com/en_us,Dior official website | DIOR,,,no_price_found
dior,"com,dior)/en_us",A_2018_2020,201903,20190301111921,https://web.archive.org/web/20190301111921/https://www.dior.com/en_us,Dior official website | DIOR,,,no_price_found
dior,"com,dior)/en_us",A_2018_2020,201904,20190406191716,https://web.archive.org/web/20190406191716/https://www.dior.com/en_us,Dior official website | DIOR,,,no_price_found
dior,"com,dior)/en_us",A_2018_2020,201905,20190501081247,https://web.archive.org/web/20190501081247/https://www.dior.com/en_us,Dior official website | DIOR,,,no_price_found
dior,"com,dior)/en_us",A_2018_2020,201906,20190602020359,https://web.archive.org/web/20190602020359/https://www.dior.com/en_us,,,,fetch_failed
dior,"com,dior)/en_us",A_2018_2020,201907,20190701011518,https://web.archive.org/web/20190701011518/https://www.dior.com/en_us,Dior official website | DIOR,,,no_price_found
dior,"com,dior)/en_us",A_2018_2020,201908,20190801000315,https://web.archive.org/web/20190801000315/https://www.dior.com/en_us,Dior official website | DIOR,,,no_price_found
dior,"com,dior)/en_us",A_2018_2020,201909,20190901065049,https://web.archive.org/web/20190901065049/https://www.dior.com/en_us,Dior official website | DIOR,,,no_price_found
dior,"com,dior)/en_us",A_2018_2020,201910,20191001002258,https://web.archive.org/web/20191001002258/https://www.dior.com/en_us,,,,fetch_failed
dior,"com,dior)/en_us",A_2018_2020,201911,20191101111823,https://web.archive.org/web/20191101111823/https://www.dior.com/en_us,Dior official website | DIOR,,,no_price_found
dior,"com,dior)/en_us",A_2018_2020,201912,20191201011715,https://web.archive.org/web/20191201011715/https://www.dior.com/en_us,Dior official website | DIOR,,,no_price_found
dior,"com,dior)/en_us",A_2018_2020,202001,20200101003930,https://web.archive.org/web/20200101003930/https://www.dior.com/en_us,,,,fetch_failed
dior,"com,dior)/en_us",A_2018_2020,202002,20200202000501,https://web.archive.org/web/20200202000501/https://www.dior.com/en_us,Dior official website | DIOR,,,no_price_found
dior,"com,dior)/en_us",B_2024_2026,202406,20240601081824,https://web.archive.org/web/20240601081824/https://www.dior.com/en_us,Dior official website | DIOR,,,no_price_found
dior,"com,dior)/en_us",B_2024_2026,202407,20240701010410,https://web.archive.org/web/20240701010410/https://www.dior.com/en_us,Dior official website | DIOR,,,no_price_found
dior,"com,dior)/en_us",B_2024_2026,202408,20240802001125,https://web.archive.org/web/20240802001125/https://www.dior.com/en_us,,,,fetch_failed
dior,"com,dior)/en_us",B_2024_2026,202409,20240901180048,https://web.archive.org/web/20240901180048/https://www.dior.com/en_us,,,,no_price_found
dior,"com,dior)/en_us",B_2024_2026,202410,20241001013548,https://web.archive.org/web/20241001013548/https://www.dior.com/en_us,,,,no_price_found
dior,"com,dior)/en_us",B_2024_2026,202411,20241101205945,https://web.archive.org/web/20241101205945/https://www.dior.com/en_us,DIOR - US Official Online Boutique | Fashion and beauty | DIOR,,,no_price_found
dior,"com,dior)/en_us",B_2024_2026,202412,20241202145528,https://web.archive.org/web/20241202145528/https://www.dior.com/en_us,DIOR - US Official Online Boutique | Fashion and beauty | DIOR,,,no_price_found
dior,"com,dior)/en_us",B_2024_2026,202501,20250102082045,https://web.archive.org/web/20250102082045/https://www.dior.com/en_us,,,,fetch_failed
dior,"com,dior)/en_us",B_2024_2026,202502,20250201100318,https://web.archive.org/web/20250201100318/https://www.dior.com/en_us,,,,fetch_failed
dior,"com,dior)/en_us",B_2024_2026,202503,20250304054745,https://web.archive.org/web/20250304054745/https://www.dior.com/en_us,DIOR - US Official Online Boutique | Fashion and beauty | DIOR,,,no_price_found
dior,"com,dior)/en_us",B_2024_2026,202504,20250403140159,https://web.archive.org/web/20250403140159/https://www.dior.com/en_us,,,,no_price_found
dior,"com,dior)/en_us",B_2024_2026,202505,20250501020258,https://web.archive.org/web/20250501020258/https://www.dior.com/en_us,,,,no_price_found
dior,"com,dior)/en_us",B_2024_2026,202506,20250603114433,https://web.archive.org/web/20250603114433/https://www.dior.com/en_us,,,,fetch_failed
dior,"com,dior)/en_us",B_2024_2026,202507,20250703085303,https://web.archive.org/web/20250703085303/https://www.dior.com/en_us,,,,no_price_found
dior,"com,dior)/en_us",B_2024_2026,202508,20250801011212,https://web.archive.org/web/20250801011212/https://www.dior.com/en_us,,,,fetch_failed
dior,"com,dior)/en_us",B_2024_2026,202509,20250905152411,https://web.archive.org/web/20250905152411/https://www.dior.com/en_us,DIOR - US Official Online Boutique | Fashion and beauty | DIOR,,,no_price_found
dior,"com,dior)/en_us",B_2024_2026,202510,20251001100654,https://web.archive.org/web/20251001100654/https://www.dior.com/en_us,,,,no_price_found
dior,"com,dior)/en_us",B_2024_2026,202511,20251112063834,https://web.archive.org/web/20251112063834/https://www.dior.com/en_us,,,,fetch_failed
dior,"com,dior)/en_us",B_2024_2026,202512,20251205113709,https://web.archive.org/web/20251205113709/https://www.dior.com/en_us,,,,fetch_failed
dior,"com,dior)/en_us",B_2024_2026,202601,20260104195010,https://web.archive.org/web/20260104195010/https://www.dior.com/en_us,,,,no_price_found
dior,"com,dior)/en_us",B_2024_2026,202602,20260210084326,https://web.archive.org/web/20260210084326/https://www.dior.com/en_us,DIOR - US Official Online Boutique | Fashion and beauty | DIOR,,,no_price_found
dior,"com,dior)/en_us",B_2024_2026,202603,20260307085354,https://web.archive.org/web/20260307085354/https://www.dior.com/en_us,DIOR - US Official Online Boutique | Fashion and beauty | DIOR,,,no_price_found
dior,"com,dior)/en_us",B_2024_2026,202604,20260416111124,https://web.archive.org/web/20260416111124/https://www.dior.com/en_us,,,,fetch_failed
dior,"com,dior)/en_us",B_2024_2026,202605,20260509164853,https://web.archive.org/web/20260509164853/https://www.dior.com/en_us,DIOR - US Official Online Boutique | Fashion and beauty | DIOR,,,no_price_found
dior,"com,dior)/en_us",B_2024_2026,202606,20260612080343,https://web.archive.org/web/20260612080343/https://www.dior.com/en_us,,,,fetch_failed
