url,category,first_seen
https://bananarepublic.gap.com/browse/product.do?pid=1180225012&vid=1&pcid=1158705&cid=1158705,https://bananarepublic.gap.com/browse/category.do?cid=1158705,2026-10-03
https://bananarepublic.gap.com/browse/product.do?pid=1187863002&vid=1&pcid=1158705&cid=1158705,https://bananarepublic.gap.com/browse/category.do?cid=1158705,2026-10-03
https://bananarepublic.gap.com/browse/product.do?pid=904782012&vid=1&pcid=1158705&cid=1158705,https://bananarepublic.gap.com/browse/category.do?cid=1158705,2026-10-03
https://bananarepublic.gap.com/browse/product.do?pid=910813002&vid=1&pcid=1158705&cid=1158705,https://bananarepublic.gap.com/browse/category.do?cid=1158705,2026-10-03
https://bananarepublic.gap.com/browse/product.do?pid=1180215022&vid=1&pcid=1158705&cid=1158705,https://bananarepublic.gap.com/browse/category.do?cid=1158705,2026-10-03
https://bananarepublic.gap.com/browse/product.do?pid=1181557012&vid=1&pcid=1158705&cid=1158705,https://bananarepublic.gap.com/browse/category.do?cid=1158705,2026-10-03
https://bananarepublic.gap.com/browse/product.do?pid=1180194012&vid=1&pcid=1158705&cid=1158705,https://bananarepublic.gap.com/browse/category.do?cid=1158705,2026-10-03
https://bananarepublic.gap.com/browse/product.do?pid=1180270022&vid=1&pcid=1158705&cid=1158705,https://bananarepublic.gap.com/browse/category.do?cid=1158705,2026-10-03
https://bananarepublic.gap.com/browse/product.do?pid=914663012&vid=1&pcid=1158705&cid=1158705,https://bananarepublic.gap.com/browse/category.do?cid=1158705,2026-10-03
https://bananarepublic.gap.com/browse/product.do?pid=1180208022&vid=1&pcid=1158705&cid=1158705,https://bananarepublic.gap.com/browse/category.do?cid=1158705,2026-10-03
https://bananarepublic.gap.com/browse/product.do?pid=1180164002&vid=1&pcid=1158705&cid=1158705,https://bananarepublic.gap.com/browse/category.do?cid=1158705,2026-10-03
https://bananarepublic.gap.com/browse/product.do?pid=904733002&vid=1&pcid=1158705&cid=1158705,https://bananarepublic.gap.com/browse/category.do?cid=1158705,2026-10-03
https://bananarepublic.gap.com/browse/product.do?pid=1180286022&vid=1&pcid=1158705&cid=1158705,https://bananarepublic.gap.com/browse/category.do?cid=1158705,2026-10-03
https://bananarepublic.gap.com/browse/product.do?pid=1180130012&vid=1&pcid=1158705&cid=1158705,https://bananarepublic.gap.com/browse/category.do?cid=1158705,2026-10-03
https://bananarepublic.gap.com/browse/product.do?pid=1184015012&vid=1&pcid=1158705&cid=1158705,https://bananarepublic.gap.com/browse/category.do?cid=1158705,2026-10-03
https://bananarepublic.gap.com/browse/product.do?pid=910755002&vid=1&pcid=1158705&cid=1158705,https://bananarepublic.gap.com/browse/category.do?cid=1158705,2026-10-03
https://bananarepublic.gap.com/browse/product.do?pid=909595032&vid=1&pcid=1158705&cid=1158705,https://bananarepublic.gap.com/browse/category.do?cid=1158705,2026-10-03
https://bananarepublic.gap.com/browse/product.do?pid=1180327012&vid=1&pcid=1158705&cid=1158705,https://bananarepublic.gap.com/browse/category.do?cid=1158705,2026-10-03
https://bananarepublic.gap.com/browse/product.do?pid=915788022&vid=1&pcid=1158705&cid=1158705,https://bananarepublic.gap.com/browse/category.do?cid=1158705,2026-10-03
https://bananarepublic.gap.com/browse/product.do?pid=1180268012&vid=1&pcid=1158705&cid=1158705,https://bananarepublic.gap.com/browse/category.do?cid=1158705,2026-10-03
https://bananarepublic.gap.com/browse/product.do?pid=1180159012&vid=1&pcid=1158705&cid=1158705,https://bananarepublic.gap.com/browse/category.do?cid=1158705,2026-10-03
https://bananarepublic.gap.com/browse/product.do?pid=1180466002&vid=1&pcid=1158705&cid=1158705,https://bananarepublic.gap.com/browse/category.do?cid=1158705,2026-10-03
https://bananarepublic.gap.com/browse/product.do?pid=1180990012&vid=1&pcid=1158705&cid=1158705,https://bananarepublic.gap.com/browse/category.do?cid=1158705,2026-10-03
https://bananarepublic.gap.com/browse/product.do?pid=915541002&vid=1&pcid=1158705&cid=1158705,https://bananarepublic.gap.com/browse/category.do?cid=1158705,2026-10-03
https://bananarepublic.gap.com/browse/product.do?pid=579807012&vid=1&pcid=1158705&cid=1158705,https://bananarepublic.gap.com/browse/category.do?cid=1158705,2026-10-03
https://bananarepublic.gap.com/browse/product.do?pid=915793012&vid=1&pcid=1158705&cid=1158705,https://bananarepublic.gap.com/browse/category.do?cid=1158705,2026-10-03
https://bananarepublic.gap.com/browse/product.do?pid=826977012&vid=1&pcid=1158705&cid=1158705,https://bananarepublic.gap.com/browse/category.do?cid=1158705,2026-10-03
https://bananarepublic.gap.com/browse/product.do?pid=826978032&vid=1&pcid=1158705&cid=1158705,https://bananarepublic.gap.com/browse/category.do?cid=1158705,2026-10-03
https://bananarepublic.gap.com/browse/product.do?pid=915609002&vid=1&pcid=1158705&cid=1158705,https://bananarepublic.gap.com/browse/category.do?cid=1158705,2026-10-03
https://bananarepublic.gap.com/browse/product.do?pid=1180184002&vid=1&pcid=1158705&cid=1158705,https://bananarepublic.gap.com/browse/category.do?cid=1158705,2026-10-03
https://bananarepublic.gap.com/browse/product.do?pid=915793052&vid=1&pcid=1158705&cid=1158705,https://bananarepublic.gap.com/browse/category.do?cid=1158705,2026-10-03
https://bananarepublic.gap.com/browse/product.do?pid=1180227012&vid=1&pcid=1158705&cid=1158705,https://bananarepublic.gap.com/browse/category.do?cid=1158705,2026-10-03
https://bananarepublic.gap.com/browse/product.do?pid=579807002&vid=1&pcid=1158705&cid=1158705,https://bananarepublic.gap.com/browse/category.do?cid=1158705,2026-10-03
https://bananarepublic.gap.com/browse/product.do?pid=1182818002&vid=1&pcid=1158705&cid=1158705,https://bananarepublic.gap.com/browse/category.do?cid=1158705,2026-10-03
https://bananarepublic.gap.com/browse/product.do?pid=1180198002&vid=1&pcid=1158705&cid=1158705,https://bananarepublic.gap.com/browse/category.do?cid=1158705,2026-10-03
https://bananarepublic.gap.com/browse/product.do?pid=1180265002&vid=1&pcid=1158705&cid=1158705,https://bananarepublic.gap.com/browse/category.do?cid=1158705,2026-10-03
https://bananarepublic.gap.com/browse/product.do?pid=826938012&vid=1&pcid=1158705&cid=1158705,https://bananarepublic.gap.com/browse/category.do?cid=1158705,2026-10-03
https://bananarepublic.gap.com/browse/product.do?pid=1180225002&vid=1&pcid=1158705&cid=1158705,https://bananarepublic.gap.com/browse/category.do?cid=1158705,2026-10-03
https://bananarepublic.gap.com/browse/product.do?pid=826977002&vid=1&pcid=1158705&cid=1158705,https://bananarepublic.gap.com/browse/category.do?cid=1158705,2026-10-03
https://bananarepublic.gap.com/browse/product.do?pid=915606022&vid=1&pcid=1158705&cid=1158705,https://bananarepublic.gap.com/browse/category.do?cid=1158705,2026-10-03
https://bananarepublic.gap.com/browse/product.do?pid=1180980042&vid=1&pcid=1158705&cid=1158705,https://bananarepublic.gap.com/browse/category.do?cid=1158705,2026-10-03
https://bananarepublic.gap.com/browse/product.do?pid=826978022&vid=1&pcid=1158705&cid=1158705,https://bananarepublic.gap.com/browse/category.do?cid=1158705,2026-10-03
https://bananarepublic.gap.com/browse/product.do?pid=915609022&vid=1&pcid=1158705&cid=1158705,https://bananarepublic.gap.com/browse/category.do?cid=1158705,2026-10-03
https://bananarepublic.gap.com/browse/product.do?pid=445853002&vid=1&pcid=1158705&cid=1158705,https://bananarepublic.gap.com/browse/category.do?cid=1158705,2026-10-03
https://bananarepublic.gap.com/browse/product.do?pid=915793042&vid=1&pcid=1158705&cid=1158705,https://bananarepublic.gap.com/browse/category.do?cid=1158705,2026-10-03
https://bananarepublic.gap.com/browse/product.do?pid=1180212002&vid=1&pcid=1158705&cid=1158705,https://bananarepublic.gap.com/browse/category.do?cid=1158705,2026-10-03
https://bananarepublic.gap.com/browse/product.do?pid=1180979002&vid=1&pcid=1158705&cid=1158705,https://bananarepublic.gap.com/browse/category.do?cid=1158705,2026-10-03
https://bananarepublic.gap.com/browse/product.do?pid=915748002&vid=1&pcid=1158705&cid=1158705,https://bananarepublic.gap.com/browse/category.do?cid=1158705,2026-10-03
https://bananarepublic.gap.com/browse/product.do?pid=859896052&vid=1&pcid=1158705&cid=1158705,https://bananarepublic.gap.com/browse/category.do?cid=1158705,2026-10-03
https://bananarepublic.gap.com/browse/product.do?pid=506573002&vid=1&pcid=1158705&cid=1158705,https://bananarepublic.gap.com/browse/category.do?cid=1158705,2026-10-03
